Sci Name,Name, Plant Type,Color,Hardiness Zones,Blooms in,Height,Soil needs,Sun needs,Water needs,Maintenance
Achillea|Yarrow|"Perennials"|"Yarrow comes in a wide range of colors including white, cream, yellow, purple, orange, pink and red."|":3:4:5:6:7:8:9:"|"Spring, Summer"|"This plant usually grows between 30 and 90 cm (1 to 3 ft) in height."|"Achillea will grow best in well drained soil, with a pH between 5.5 and 7.0."|"Full sun"|"low"|"low"
Aconitum|Aconite; Monkshood; Wolfsbane|"Perennials"|"The flowers come in shades of blue, purple, white, yellow, or even pink."|":3:4:5:6:7:8:"|"Autumn, Summer"|"Aconite is a tall plant that grows from 30 cm (1 ft) to 180 cm (6 ft) high, depending on species."|"Aconite will perform best in rich, moist and well drained soil, with a pH level between 5.0 and 6.0."|"Full sun, Partial sun"|"average"|"medium"
Agapanthus|African Lily; Lily of the Nile|"Bulbs, Perennials"|"These flowers are usually blue, white and purple."|":6:7:8:9:10:11:"|"Autumn, Summer"|"Agapanthus range in height from just 20 cm (8 inches) up to 1,8 m (6 ft) for larger varieties."|"Agapanthus grows best in fertile, moist and well-drained soil. The pH of the soil is not so important. It can grow in acid, neutral, and alkaline soils."|"Full sun, Partial sun"|"average"|"low"
Ageratum|Whiteweed; Flossflower|"Annuals"|"The flowers come in shades of blue, purple, red, pink and white."|":2:3:4:5:6:7:8:9:10:11:"|"Autumn, Summer"|"These plants can grow up to 60 cm (2 ft) in height."|"Ageratum prefers moist, but well drained soil, with pH between 5.5 and 7.5."|"Full sun, Partial sun"|"average"|"low"
Ajuga|Bugle; Bugleweed|"Annuals, Perennials"|"The flowers are usually blue, purple and white."|":3:4:5:6:7:8:9:10:"|"Spring, Summer"|"These plants can grow up to 30 cm (1 ft) tall."|"The plant grows best in moist and well drained soil, with a pH between 4.0 to 6.5. However, it can handle drought and dry soils."|"Partial sun, Shade"|"average"|"low"
Alcea|Hollyhock|"Annuals, Perennials"|"Hollyhock blooms in a rainbow of colors including red, purple, pink, white, yellow and even almost black."|":3:4:5:6:7:8:9:"|"Summer"|"Hollyhocks range in height from 60 cm (2 ft) to 3 metres (10 ft) tall."|"Alcea prefers rich and well drained soil, with a pH between 6.0 and 8.0."|"Full sun"|"average"|"hard"
Allium|Ornamental Onion|"Bulbs, Perennials"|"Most Alliums come in shades of purple, but there are pink, blue, white and yellow varieties as well."|":3:4:5:6:7:8:9:10:"|"Spring, Summer"|"Alliums range in size from 15 cm (6 inches) to 180 cm (6 ft) giants."|"Alliums are not fussy about their soil, so long as it is well drained."|"Full sun"|"average"|"low"
Alstroemeria|Peruvian Lily; Lily of the Incas|"Bulbs, Perennials"|"The flowers come in various colors, from orange, pink, rose, purple, red to yellow and white."|":5:6:7:8:9:10:11:"|"Autumn, Summer"|"The species range from dwarf species (20 cm or 8 inches tall) to the larger varieties that grow up to 120 cm or 4 ft in height."|"The plant grows best in fertile, moist and well drained soil which is neutral or slightly acidic."|"Full sun, Partial sun"|"average"|"low"
Amaryllis|Amaryllis|"Bulbs, Perennials"|"The flower color is usually some shade of pink and sometimes even white."|":7:8:9:10:"|"Autumn, Summer"|"Amaryllis has stem that can reach 30 to 90 cm (1-3 ft) in height, and each flower is 6 to 11 cm (2-4 inches) in diameter."|"Amaryllis grows best in well-drained and slightly acidic soil."|"Full sun, Partial sun"|"average"|"low"
Amsonia|Blue Star|"Perennials"|"The flowers are usually white but may be blue, pink and purple."|":3:4:5:6:7:8:9:"|"Spring, Summer"|"These plants grow up to 120 cm (4 ft) tall, depending on the variety. There are also dwarf varieties that only reach 10 cm (4 inches) in height."|"Amsonia prefers rich, moist and well-drained soil. The ideal soil pH is between 6.0 and 7.0."|"Full sun, Partial sun"|"average"|"low"
Anemone|Windflower|"Perennials"|"The flowers can be found in all colors of the rainbow."|":4:5:6:7:8:9:10:11:"|"Spring, Autumn, Summer"|"Anemone can grow from 10 cm to 1,5 metres (4 inches to 5 ft) tall."|"The plant likes moist, but well drained soil. Anemones have a wide pH tolerance, from acid to neutral and alkaline."|"Full sun, Partial sun"|"average"|"low"
Anthurium|Flamingo Flower; Laceleaf|"Perennials"|"These plants range in color from red to pink, purple, yellow, white and green."|":10:11:12:"|"Spring, Autumn, Summer"|"The species can grow up to 90 cm (3 ft) in height."|"Anthurium grows best in rich, well drained soil, with a pH between 5.5 and 6.5."|"Full sun, Partial sun"|"average"|"low"
Antirrhinum|Snapdragon; Dragon Flower|"Annuals, Perennials"|"The flowers come in a range of colors including white, red, pink, orange, yellow, green and purple. Bicolor varieties are also available."|":5:6:7:8:9:10:"|"Spring, Autumn, Summer"|"Snapdragons can grow from 20 cm (8 inches) to 120 cm (4 ft) tall, depending on species."|"This plant prefers rich, moist and well drained soil. The optimal soil pH is between 5.5 and 7.0."|"Full sun"|"average"|"low"
Aquilegia|Columbine|"Perennials"|"The flowers are yellow, white, blue, red, pink, purple or a combination of these shades."|":3:4:5:6:7:8:9:"|"Spring, Summer"|"Columbine can grow up to 60 cm (2 ft) tall."|"The plant grows best in moist and well drained soil, with a pH between 6.0 and 7.0. (slightly acidic to neutral). Columbine grows well in just about any type of habitat, from dry deserts to mountains."|"Full sun, Partial sun"|"average"|"low"
Asclepias|Milkweed|"Perennials"|"These flowers come in shades of red, purple, pink, orange, yellow and white."|":3:4:5:6:7:8:9:"|"Autumn, Summer"|"The plant reaches heights of 30 cm (1 ft) to 180 cm (6 ft)."|"Asclepias thrive best in well-drained soil, with a pH range of 5.0 to 7.0."|"Full sun"|"average"|"low"
Aster|Starwort; Frost Flower|"Perennials"|"The flowers can be white, blue, purple, and red, mostly with yellow centers."|":3:4:5:6:7:8:9:"|"Autumn, Summer"|"Asters are 60-180 cm (2-6 ft) tall."|"Asters grow best in moist and well drained soil, with a pH ranging from 5.5 to 7.5."|"Full sun, Partial sun"|"average"|"medium"
Astilbe|False Goat&#39;s Beard|"Perennials"|"The flowers are available in white, pink and red colors."|":3:4:5:6:7:8:9:"|"Spring, Autumn, Summer"|"The plants range in size from 30 cm (1 ft) to 150 cm (5 ft) in height."|"Astilbes thrive best in moist and well drained soil, with a pH level between 6.0 and 8.0."|"Partial sun, Shade"|"average"|"low"
Astrantia|Masterwort|"Perennials"|"The flower colors are white, pink, purple and red."|":4:5:6:7:8:9:"|"Spring, Summer"|"Astrantia can grow up to 90 cm (3 ft) in height."|"These plants like fertile and moist, but well-drained soil. Most of them prefer loamy soils that retain moisture, but drain off standing water. However, some species tolerate drier soils and more sun exposure. They do not appear to be fussy about the soil pH."|"Full sun, Partial sun"|"average"|"medium"
Banksia|Australian Honeysuckle|"Perennials, Shrubs, Trees"|"Banksia flowers are yellow, creamy, orange, red, green, violet or even brown."|":9:10:11:"|"Spring, Autumn, Winter, Summer"|"Banksias range from 25 cm (1 ft) to 30 metres (100 feet) in height, depending on the species."|"These plants will grow in most soil types if given good drainage. However, they will perform best in sandy soils with a pH between 5.5 and 7.0."|"Full sun, Partial sun"|"average"|"low"
Baptisia|False Indigo|"Perennials"|"Baptisia comes in shades of blue, yellow and white, while many hybrids can be found in a wide variety of colors."|":3:4:5:6:7:8:9:"|"Spring, Summer"|"The species range in size from 30 cm to 1,5 metres (1-5 ft) in height."|"Baptisia prefers rich, well drained and slightly acidic soils."|"Full sun"|"average"|"low"
Begonia|Begonia|"Annuals, Bulbs, Perennials"|"Begonias come in many different colors, but mostly in red, white, yellow, orange and pink."|":2:3:4:5:6:7:8:9:10:11:"|"Spring, Autumn, Summer"|"Begonias can grow from 20 to 60 cm (8 inches - 2 ft) in height."|"Begonias prefer moist, well-drained and more acidic soil. They have a low tolerance for drought."|"Partial sun, Shade"|"average"|"low"
Bellis|Daisy|"Perennials"|"These flowers come in shades of white, red, pink and purple. They usually have white petals and a yellow center, but many cultivars are available in a range of colors."|":3:4:5:6:7:8:9:10:"|"Spring, Autumn, Summer"|"The species are small, growing up to 20 cm (8 inches) in height."|"This plant likes rich, moist and well drained soil. It is not fussy about the soil pH."|"Full sun, Partial sun"|"average"|"low"
Bergenia|Elephants Ears; Winter Glow; Pigsqueak|"Perennials"|"Bergenia comes in shades of red, pink, purple and white."|":3:4:5:6:7:8:9:"|"Spring, Winter, Summer"|"Members in this genus usually grow between 20 and 60 cm (8 inches to 2 ft) tall."|"Bergenia prefers moist, but well drained soil. It tolerates a wide range of soil conditions."|"Full sun, Partial sun"|"average"|"low"
Borago|Borage|"Annuals, Perennials"|"The flowers are mostly blue in color, but can also be pink."|":2:3:4:5:6:7:8:9:10:11:"|"Spring, Autumn, Summer"|"They can grow up to 2 metres (6.5 ft) in height, depending on species."|"These plants will grow in any type of soil, as long as it is rich and well drained. The ideal soil pH is between 6.0 and 7.0."|"Full sun, Partial sun"|"average"|"low"
Bougainvillea|Bougainvillea|"Climbers, Shrubs, Trees"|"Bougainvillea bracts come in shades of red, purple, yellow, pink, orange and white. The small flowers are generally white."|":9:10:11:"|"Spring, Autumn, Winter, Summer"|"These plants can grow from 60 cm to 12 metres (2 to 40 ft) tall, depending on the species."|"Bougainvillea prefers moist, well-drained and slightly acidic soil with a pH of 5.5 to 6.5."|"Full sun"|"low"|"low"
Bouvardia|Firecracker Bush; Trumpetellia; Hummingbird Flower|"Herbs, Shrubs"|"Bouvardia comes in shades of white, yellow, pink, orange and red."|":9:10:11:"|"Spring, Autumn, Summer"|"The species can grow between 60 cm (2 ft) and 1,5 metres (5 ft) tall."|"Bouvardia prefers well drained, sandy to clay loam soil."|"Full sun, Partial sun"|"average"|"low"
Brugmansia|Angel&#39;s Trumpet|"Shrubs, Trees"|"The flowers come in shades of white, yellow, pink, orange and red."|":8:9:10:11:"|"Autumn, Winter, Summer"|"The species range in size from 90 cm (3 ft) to 8 m (26 ft) tall."|"This plant likes rich, fertile, well-drained and moisture-retentive soil. It also prefers acidic soil, with a pH range of 5.5 to 7.0."|"Full sun, Partial sun"|"average"|"low"
Buddleia|Butterfly Bush|"Shrubs, Trees"|"The flowers come in shades of purple, blue, white, pink or red."|":5:6:7:8:9:10:"|"Autumn, Summer"|"The plant can grow between 30 cm (1 ft) and 5 metres (16 ft) high, depending on species."|"Buddleia will grow in almost any soil, but will perform best in moist and well drained soil, with a pH level between 6.0 and 7.0."|"Full sun"|"average"|"low"
Calendula|Marigold|"Annuals, Herbs, Perennials"|"Calendula flowers are usually yellow and orange."|":2:3:4:5:6:7:8:9:10:11:"|"Spring, Autumn, Winter, Summer"|"The plant may grow from 30 to 60 cm (1-2 ft) in height, depending on the variety and soil conditions."|"This plant tolerates a wide range of soil conditions, but does best in rich, well-drained soils. The soil pH should be between 5.5 and 7.0."|"Full sun, Partial sun"|"average"|"low"
Calluna|Heather; Common Heather; Scottish Heather|"Shrubs"|"This flower comes in shades of red, purple, pink and white."|":4:5:6:"|"Summer"|"This plant grows between 30 to 60 cm (1-2 ft) tall."|"Calluna grows best in acidic, moist and well drained soil."|"Full sun"|"average"|"low"
Camassia|Camas; Quamash|"Bulbs, Perennials"|"The flowers are usually blue, purple and white, with attractive yellow stamens."|":3:4:5:6:7:8:9:10:11:"|"Spring, Summer"|"These plants can grow up to about 90 cm (3 ft) tall."|"They prefer moist and well-drained soil, and are not fussy about the pH of the soil."|"Full sun, Partial sun"|"average"|"low"
Camellia|Camellia|"Shrubs, Trees"|"Camellia offers a large palette of colors, from white to yellow, pink red and purple."|":6:7:8:9:10:"|"Spring, Autumn, Winter"|"These slow growers can reach a height of 1 to 6 metres (3-20 ft)."|"They will perform best in moist and well-drained soil, with a pH level between 5.5 and 6.5."|"Partial sun, Shade"|"average"|"low"
Campanula|Bellflower|"Annuals, Perennials"|"Depending on the species, Campanula produces white, blue, purple, pink or lilac bells."|":3:4:5:6:7:8:9:"|"Spring, Autumn, Summer"|"Some species grow just 5 to 10 cm (a few inches) tall, while others can grow 2 metres (6 ft) in height."|"Campanula prefers rich, well drained soil."|"Full sun, Partial sun"|"average"|"low"
Canna|Canna Lily|"Bulbs, Perennials"|"The flowers come in various colors, including red, orange, pink, yellow, cream and white."|":7:8:9:10:11:"|"Autumn, Summer"|"The species vary in height from 90 cm (3 ft) to 3 m (10 ft)."|"They can be planted in a wide range of soils, but optimal soil is fertile, moist and well-drained. The ideal soil pH is between 5.5 and 6.5."|"Full sun"|"average"|"medium"
Cattleya|Queen of Orchids; Corsage Orchid|"Perennials"|"These flowers come in a variety of colors including white, yellow, red, purple and blue."|":10:11:12:13:"|"Spring, Autumn, Winter, Summer"|"They range in height from a few inches tall (5-10 cm) to up to 3 feet (90 cm), depending on the species and environmental conditions."|"Cattleyas do not grow from seeds or rooted stems. Instead, they naturally grow on forest floors or attached to another plant."|"Full sun, Partial sun"|"average"|"medium"
Celosia|Celosia|"Annuals, Perennials"|"The flowers can be purple, red, orange, pink, gold, yellow and white."|":2:3:4:5:6:7:8:9:10:11:12:"|"Autumn, Summer"|"The plants range from dwarf species to the larger varieties that grow up to 150 cm (5 ft) high."|"Celosia prefers rich, moist and well drained soil. It thrives in clay and is drought tolerant once established. The soil should have a pH level between 6.0 and 7.0."|"Full sun"|"average"|"low"
Centaurea|Cornflower; Bachelor&#39;s Button; Basket Flower|"Annuals, Perennials"|"The flowers are traditionally blue in color but are also available in purple, pink, yellow and white."|":2:3:4:5:6:7:8:9:10:11:"|"Spring, Summer"|"Centaurea can reach 30 to 90 cm (1 to 3 ft) in height."|"Centaurea plants prefer moist and well drained soil, with a pH level between 5.5 and 7.0.  However, they are very adaptable and will grow in nutritionally poor soils."|"Full sun, Partial sun"|"average"|"low"
Chrysanthemum|Mum|"Perennials"|"The flowers come in a rainbow of colors, but the most common are red, yellow, white and purple."|":4:5:6:7:8:9:10:11:"|"Spring, Autumn"|"Chrysanthemums range in size from 30 cm (1 ft) to 120 cm (4 ft)."|"The plant likes moist and well drained soil. The optimal soil pH is between 6.0 and 7.0."|"Full sun"|"average"|"medium"
Cistus|Rock Rose|"Perennials, Shrubs"|"The flowers come in shades of purple, pink and white."|":7:8:9:10:11:"|"Spring, Summer"|"Rock Rose can grow up to 4 m (13 ft) in height, depending on species. Cistus ladanifer, also known as Gum Cistus, can reach a height of 4 m (13 ft), but is more commonly 1 to 2 m (3 to 6 ft) tall."|"Cistus will grow in almost any soil that is well-drained and will tolerate a wide pH range. The plant is drought tolerant and thrives in poor and moderately fertile soil."|"Full sun"|"low"|"low"
Clarkia|Godetia|"Annuals"|"These flowers come in a range of colors including red, purple, pink, orange and white."|":3:4:5:6:7:8:9:10:"|"Autumn, Summer"|"This plant can reach up to 150 cm (5 ft) tall."|"Clarkia grows best in rich, moist, well drained and loamy soils, with a pH between 6.0 and 8.5."|"Full sun, Partial sun"|"low"|"low"
Claytonia|Spring Beauty|"Annuals, Bulbs, Perennials"|"The flowers come in shades of white, pink, purple and red."|":3:4:5:6:7:8:9:"|"Spring, Winter, Summer"|"This plant can grow up to 30 cm (1 ft) tall."|"Spring Beauty prefers rich and well-drained soil. The ideal soil pH is between 5.5 and 7.5."|"Full sun, Partial sun"|"average"|"low"
Clematis|Travellers Joy; Old Man&#39;s Beard|"Climbers, Perennials, Shrubs"|"These flowers offer a wide range of different colors."|":3:4:5:6:7:8:9:10:11:"|"Spring, Autumn, Winter, Summer"|"These plants range in size from 30 cm (1 ft) to 12 metres (40 ft)."|"Clematis prefers moist and well drained soil. The ideal soil ph is between 5.5 and 7.0."|"Full sun, Partial sun"|"average"|"low"
Clerodendrum|Glorybower; Bagflower|"Climbers, Shrubs, Trees"|"The flowers come in various colors including red, purple, orange, pink, yellow, cream and white."|":7:8:9:10:11:"|"Spring, Autumn, Winter, Summer"|"These plants usually grow from 90 cm (3 ft) to 12 m (40 ft) tall. Some species, such as Clerodendrum loribundum, can grow up to 30 m (98 ft) in height."|"Glorybower likes fertile, moist and well-drained soil, but is tolerant of most soil types. It is not particular as to soil pH."|"Full sun, Partial sun"|"average"|"medium"
Clitoria|Butterfly Pea Plant|"Climbers, Perennials, Shrubs, Trees"|"The flowers often come in shades of blue, purple and white, but are typically spotted in varying degrees of these colors."|":5:6:7:8:9:10:11:"|"Spring, Autumn, Summer"|"These plants range in size, so there is something to suit all gardens! Some species, such Clitoria fairchildiana, can grow up to 15 m (50 ft) in height."|"They are well adapted to a variety of soil types. However, they prefer moist, rich and well-drained soil, with a pH value from 6.0 to 8.0."|"Full sun, Partial sun"|"average"|"low"
Convallaria|Lily of the Valley|"Bulbs, Perennials"|"These small flowers are usually white, but sometimes pink."|":2:3:4:5:6:7:8:9:"|"Spring, Summer"|"Lily of the Valley reaches about 30 cm (1 ft) in height."|"Lily of the Valley will grow best in rich, moist and well drained soil. This plant is not fussy about the soil pH."|"Partial sun, Shade"|"average"|"low"
Coreopsis|Tickseed; Calliopsis|"Annuals, Perennials"|"Although usually yellow in color, these flowers come in different colors including red, orange, pink, maroon,  lavender. Bi-colored flowers are also possible."|":3:4:5:6:7:8:9:10:"|"Autumn, Summer"|"The different varieties of this plant range in height from 15 cm (6 inches) to 120 cm (4 ft)."|"Coreopsis will thrive in almost any type of soil that is well drained."|"Full sun"|"average"|"low"
Cosmos|Cosmos|"Annuals"|"These flowers come in amazing variety of bright colors, from pink, orange and scarlet to yellow and white."|":2:3:4:5:6:7:8:9:10:11:"|"Autumn, Summer"|"Cosmos can grow between 30-120 cm (1-4 ft) tall."|"Cosmos likes moist and well drained soil, with a pH between 5.0 and 8.0."|"Full sun"|"average"|"low"
Crinum|Swamp Lily; Spider Lily|"Bulbs, Perennials"|"Most species have white or whitish flowers, but there are also pink, purple and red varieties. There are also a number of bi-colored varieties."|":8:9:10:11:"|"Spring, Autumn, Winter, Summer"|"These plants can range from 90 cm to 180 cm (3 to 6 ft) in height, depending on the species."|"They are not fussy about soil type and will succeed in a wide range of soil types, though they prefer rich, moist and well-drained soil."|"Full sun, Partial sun"|"average"|"low"
Crocosmia|Montbretia|"Bulbs, Perennials"|"These flowers are usually in shades of red and orange, but can also be yellow."|":5:6:7:8:9:10:"|"Autumn, Summer"|"This plant can grow up to 60 cm (2 ft) tall."|"Crocosmia likes fertile, moist and well drained soil of any pH. However, it will grow in a wide range of conditions."|"Full sun, Partial sun"|"average"|"low"
Crocus|Crocus|"Bulbs"|"These flowers are white, cream, yellow, blue and purple, and there are even striped varieties."|":3:4:5:6:7:8:9:"|"Spring, Autumn, Winter"|"Crocus can reach between 20 cm (8 inches) and 30 cm (12 inches) in height."|"Although Crocus is tolerant of a wide range of soils, it will grow best in a well drained soil, with a pH between 6.0 and 8.0."|"Full sun, Partial sun"|"average"|"low"
Cyclamen|Sowbread|"Bulbs, Perennials"|"The flowers are usually white, red, rose, purple or pink."|":4:5:6:7:8:9:"|"Autumn, Winter"|"Cyclamens are relatively small plants growing up to 15 cm (6 inches) in height."|"These plants prefer organically rich and well drained soil. Grow them in moist, but not waterlogged soil."|"Partial sun"|"average"|"low"
Cymbidium|Cymbidium|"Perennials"|"Cymbidium comes in various colors such as white, green, yellow, brown, orange, pink and red."|":5:6:7:8:9:10:"|"Spring, Autumn, Winter"|"These plants range in size, from dwarf species to some reaching 1,5 metres (5 ft) in height."|"This plant can grow in almost any kind of soil that is well drained."|"Partial sun"|"average"|"low"
Dahlia|Dahlia|"Bulbs, Perennials"|"Dahlias bloom in all colors, except blue."|":3:4:5:6:7:8:9:10:11:"|"Autumn, Summer"|"The species vary in height, from the 40 cm (1 ft) right up to 2 metres (7 ft)."|"Dahlia performs best in rich, moist and well drained soil that is slightly acidic."|"Full sun"|"average"|"medium"
Datura|Devil&#39;s Trumpet|"Annuals, Perennials"|"The flowers are usually white, but may be yellow, pink and purple."|":5:6:7:8:9:10:11:"|"Spring, Autumn, Summer"|"These plants can reach up to 2 m (7 ft) in height."|"Datura prefers rich, moist and well-drained soil. The ideal soil ph is between 6.0 and 7.0."|"Full sun, Partial sun"|"average"|"low"
Delosperma|Ice Plant|"Cactus - Succulents, Perennials"|"Delosperma comes in many colors including red, purple, orange, pink, yellow and white."|":5:6:7:8:9:10:"|"Spring, Autumn, Summer"|"The plant grows up to 15 cm (6 inches) in height."|"Delosperma likes dry, sandy and poor soils with good drainage. It prefers soils with a pH level between 6.0 and 8.0."|"Full sun"|"low"|"low"
Delphinium|Larkspur|"Perennials"|"Delphiniums come in several colors, including blue, red, pink, white, violet, and yellow, but blue is the most common."|":3:4:5:6:7:"|"Autumn, Summer"|"The flower spikes can reach 30 cm to 180 cm (1 to 6 ft) tall."|"The plant grows best in moist, but well drained soil. The pH of the soil should be neutral to slightly alkaline."|"Full sun, Partial sun"|"average"|"medium"
Deutzia|Deutzia|"Shrubs"|"Most species are white, but some are pink or red."|":4:5:6:7:8:"|"Spring, Summer"|"The species range in height from 30 cm (1 ft) to 4 metres (13 ft)."|"Deutzia prefers moist and well drained soil. The plant can grow in a wide range of pH conditions."|"Full sun, Partial sun"|"average"|"low"
Dianthus|Dianthus|"Annuals, Perennials, Shrubs"|"The flowers come in shades of red, pink, purple and white or combinations of these colours. Cultivated species are available in a wider range of colors."|":5:6:7:8:9:"|"Spring, Autumn, Summer"|"Their height range from just 10 cm to 90 cm (4 inches to 3 ft)."|"These plants prefers rich and well drained soil. The ideal soil pH is somewhere between 6.0 and 7.5."|"Full sun, Partial sun"|"average"|"low"
Diascia|Twinspur|"Annuals, Perennials"|"The flowers come in shades of pink, purple, orange, and white, each with a contrasting yellow throat."|":7:8:9:10:11:"|"Spring, Autumn, Summer"|"The plant grows between 30 cm (1 ft) and 60 cm (2 ft) in height."|"Diascia grows best in soil that is fertile, moist, well drained and slightly acidic, with a pH range of 5.5 to 6.5."|"Full sun, Partial sun"|"average"|"low"
Dicentra|Bleeding Heart|"Perennials"|"The flowers are usually red, pink and white."|":2:3:4:5:6:7:8:9:"|"Spring, Summer"|"Dicentra can reach up to 90 cm (3 ft) in height."|"Dicentra prefers moist, but well drained soil. The soil should be organic and slightly acidic."|"Partial sun, Shade"|"average"|"low"
Dietes|Dietes|"Perennials"|"The flowers are white to creamy yellow in color, with brown, yellow and purple markings on the tepals."|":8:9:10:11:"|"Spring, Autumn, Winter, Summer"|"This plant grows up to 150 cm (5 ft) tall."|"They are not fussy about soil type, but will perform best in rich, moist and well drained soil."|"Full sun, Partial sun"|"average"|"low"
Digitalis|Foxglove|"Perennials"|"These flowers appear in shades of white, yellow, pink, red and purple."|":4:5:6:7:8:9:"|"Spring, Summer"|"Foxgloves are tall beauties which can grow up to 180 cm (6 ft), depending on variety."|"The plant grows best in moist and well drained soil, with a pH between 6 and 7.5."|"Full sun, Partial sun, Shade"|"average"|"low"
Dracula|Monkey Orchid|"Perennials"|"These flowers come in various colors, such as red, purple, lavender, yellow and white. They range from nearly black to white."|":9:10:11:"|"Spring, Autumn, Winter, Summer"|"These plants can grow up to 60 cm (2 ft) tall."|"Dracula requires moist, well-drained soil and high humidity. The recommended soil pH is 5.5 to 7.0, depending on species."|"Partial sun"|"average"|"medium"
Dryas|Mountain Avens; Holtasoley|"Perennials, Shrubs"|"These flowers are usually white or cream, with yellow centre."|":3:4:5:6:7:8:9:"|"Spring, Summer"|"Dryas is a small plant, growing only 20 cm (8 inches) in height."|"The plant can grow in many different soil types and pH levels, but requires good drainage."|"Full sun, Partial sun"|"average"|"medium"
Echeveria|Hen and Chicks|"Cactus - Succulents"|"Echeveria has beautiful leaves and stunning flowers in a large variety of colors."|":9:10:11:"|"Spring, Autumn, Winter, Summer"|"The species can grow from 10 cm to 60 cm (4 inches to 2 ft) high."|"Echeverias grow best in well drained soil, with a slightly acidic pH."|"Full sun, Partial sun"|"low"|"low"
Echinacea|Coneflower|"Perennials"|"These flowers come in shades of white, yellow, orange, pink, purple, red and brown, depending on variety. The most common are the purple ones."|":3:4:5:6:7:8:9:10:"|"Summer"|"Coneflowers will grow between 30 cm (1 ft) and 120 cm (4 ft) tall."|"These plants like medium moisture and well drained soil, with a pH between 6.0 and 7.0. In the wild, they usually grow in poor and rocky soil and can tolerate more alkaline conditions."|"Full sun, Partial sun"|"low"|"low"
Echinops|Globe Thistle|"Perennials"|"The flowers are mostly blue, but you can also find them in white, purple and blue-grey. Their long stems are gray-green in color."|":3:4:5:6:7:8:9:"|"Summer"|"The plant can grow from 50 cm to 1,5 metres (2 to 5 ft) in height."|"Echinops grows best in well drained soil and prefers a pH between 5.5 and 7.0."|"Full sun, Partial sun"|"average"|"low"
Emilia|Tassel Flower|"Annuals"|"The flowers come in shades of purple, red and orange."|":3:4:5:6:7:8:9:10:"|"Autumn, Summer"|"These plants usually grow from 30 cm (1 ft) to 60 cm (2 ft), and possibly up to 90 cm (3 ft) tall, depending on species."|"The plant is not fussy about soil pH, but the soil must be well drained."|"Full sun"|"average"|"low"
Epimedium|Barrenwort; Bishop&#39;s hat; Horny Goat Weed|"Perennials"|"These flowers come in many stunning colors, including white, red, pink, purple, yellow and orange, as well as bi-colored varieties."|":4:5:6:7:8:9:"|"Spring, Autumn, Winter, Summer"|"The plant can grow up to 60 cm (2 ft) in height."|"Epimedium prefers rich and moist soil, with a pH between 5.5 to 7.0. However, it will adapt to a wide range of conditions and survive in nearly any shady location."|"Partial sun, Shade"|"average"|"low"
Epiphyllum|Orchid Cactus|"Cactus - Succulents"|"The flowers are usually white, sometimes with yellow or pink sepals. However, most Epiphyllums grown today are hybrids and may be red, purple, pink, orange and yellow."|":10:11:12:"|"Spring, Summer"|"Epiphyllum can reach 10 m (30 ft) in height."|"Epiphyllum prefers rich and well drained soil. For majority of plants, the ideal soil pH is slightly acidic with a pH range of 5.5 to 6.5."|"Full sun, Partial sun"|"average"|"medium"
Eranthis|Winter Aconite|"Bulbs, Perennials"|"The flowers are yellow in most species, with some species being white flowered."|":3:4:5:6:7:8:9:"|"Spring, Winter"|"These low growing plants can reach a maximum height of 20 cm (8 inches), but usually they are much smaller."|"The plant is adaptable to a wide variety of soils, as long as they are well drained. It tolerates most types of soils including loam, clay, chalk and sand."|"Full sun, Partial sun"|"average"|"low"
Eremurus|Foxtail Lily; Desert Candle|"Perennials"|"Flower clusters are covered with orange, pink, yellow and white blossoms."|":5:6:7:8:9:"|"Spring, Summer"|"Foxtail Lilies are tall plants that reach 2,5 metres (8ft) or less in height, depending on the species."|"Eremurus prefers well drained soil that is acid, alkaline or neutral."|"Full sun"|"average"|"low"
Erica|Heath|"Shrubs, Trees"|"The flowers come in various colors, including purple, red, pink, white and even yellow."|":5:6:7:8:"|"Spring, Autumn, Winter, Summer"|"These plants can reach 90 cm (3 ft) in height, but there are also lower-growing varieties."|"They prefer moist and well-drained soil, and grow best in acidic soil with a pH ranging from 4.0 to 5.5."|"Full sun, Partial sun"|"average"|"low"
Eryngium|Sea Holly|"Annuals, Perennials"|"Eryngiums are usually blue, purple, green or whitish."|":3:4:5:6:7:8:9:"|"Autumn, Summer"|"They can range from 30 cm (1 ft) to 150 cm (5 ft) tall, depending on the species."|"These plants need good drainage and plenty of sun. They are not particular about soil pH and will tolerate poor and sandy soils. The plant has a long taproot, which makes it drought tolerant."|"Full sun"|"low"|"low"
Erysimum|Wallflower|"Annuals, Perennials, Shrubs"|"These flowers are usually yellow, but may also be red, orange and mauve."|":6:7:8:9:10:"|"Spring, Autumn, Summer"|"Erysimum can grow up to 90 cm (3 ft) high."|"Erysimum prefers well drained soil, with a pH between 5.0 and 8.0."|"Full sun"|"average"|"low"
Erythronium|Fawn Lily|"Bulbs, Perennials"|"The flowers come in shades of yellow, purple, pink, red and white."|":3:4:5:6:7:8:9:"|"Spring"|"Fawn Lily can grow up to 60 cm (2 ft) in height."|"Fawn Lily grows best in moist and well drained soil. It is not fussy about soil pH, but is intolerant of dry conditions."|"Partial sun"|"average"|"low"
Eschscholzia|Golden Poppy|"Annuals, Perennials"|"Their color ranges from yellow to orange."|":6:7:8:9:10:"|"Spring, Autumn, Winter, Summer"|"The plants grow up to 30 cm (1 ft) tall, but some species have been known to grow taller."|"In general, these plants grow in a range of soils, but prefer loamy or clay soils. They thrive in well-drained, poor soils with relatively little organic matter, preferring neutral to slightly alkaline soils."|"Full sun"|"low"|"low"
Euphorbia|Spurge|"Annuals, Cactus - Succulents, Perennials, Shrubs, Trees"|"The bracts come in almost every color imaginable. The real flowers are tiny and usually yellow in color."|":4:5:6:7:8:9:10:11:"|"Spring, Autumn, Winter, Summer"|"The species range in size from 30 cm to 20 metres (1 ft to 66 ft) tall."|"Euphorbia prefers well drained soil. Even though they are not particular about soil pH, they grow easiest with a soil pH from 6.0 to 7.0."|"Full sun, Partial sun"|"low"|"low"
Eustoma|Lisianthus; Prairie Gentian|"Annuals, Perennials"|"The flowers come in white, cream, blue, purple, pink and lilac."|":8:9:10:11:"|"Autumn, Summer"|"Depending on the variety, Eustoma will grow from 15 cm (6 inches) to 80 cm (3 ft) in height."|"The plant performs best in rich, moist and well drained soil, with a pH between 6.5 and 7.0."|"Full sun, Partial sun"|"average"|"medium"
Felicia|Blue Daisy; Marguerite Daisy|"Annuals, Perennials, Shrubs"|"The flowers are blue, white, lilac or purple. Most of them have yellow centers, with the exception of the Felicia heterophylla which is all-blue in color."|":8:9:10:11:"|"Spring, Autumn, Summer"|"The species can grow up to 50 cm (20 inches) in height."|"Felicia grows in almost any well drained soil."|"Full sun"|"average"|"low"
Forsythia|Golden Bell|"Shrubs"|"The flowers are yellow in color."|":4:5:6:7:8:9:"|"Spring"|"Forsythia grows between 60 cm (2 ft) and 6 metres (20 ft) tall, depending on species."|"The soil should be moist, but well drained and rich in organic matter. Forsythia grows in low-acidic, neutral and even moderately alkaline soils."|"Full sun, Partial sun"|"average"|"low"
Freesia|Freesia|"Bulbs, Perennials"|"Freesia comes in white, yellow, orange, red, pink, mauve, lavender and purple colors."|":9:10:"|"Spring, Autumn, Summer"|"Freesia can grow up to 40 cm (1 ft) tall."|"This plant likes moist and well drained soil."|"Full sun, Partial sun"|"average"|"low"
Fritillaria|Checkered Lily; Snakes Head; Crown Imperial|"Bulbs, Perennials"|"Fritillaria comes in variety of colors, from bright yellow to orange, green and deep red."|":4:5:6:7:8:"|"Spring"|"Fritillaria can reach 30 cm to 1,5 metres (1-5 ft) in height, depending on variety."|"The plant requires well drained soil."|"Full sun, Partial sun"|"average"|"low"
Fuchsia|Lady&#39;s Eardrop|"Shrubs, Trees"|"Fuchsia develops white, yellow, orange, red and purple colored flowers, composed of red sepals and purple petals."|":6:7:8:9:10:11:"|"Autumn, Summer"|"Fuchsia can grow from 15 cm (6 inches) to 15 metres (50 ft) in height, depending on species."|"Fuchsia prefers moist, but well drained soil, with a pH between 5.5 and 6.5."|"Full sun, Partial sun"|"average"|"low"
Gaillardia|Blanket Flower|"Annuals, Perennials"|"The flowers come in various shades of red, orange, yellow, purple and brown. The bicolor blooms are pretty intense."|":2:3:4:5:6:7:8:9:10:"|"Autumn, Summer"|"Plants belonging to the Gaillardia genus range in height from 15 cm (6 inches) to 90 cm (3 ft)."|"These plants grow best in moist and well drained soil, with a pH between 5.5 and 7.0. However, they will tolerate drought, heat, poor and sandy soils, but heavy clay soil will probably kill them."|"Full sun"|"low"|"low"
Galanthus|Snowdrops|"Bulbs, Perennials"|"Unlike many other flowers, Galanthus only comes in one color - creamy white."|":3:4:5:6:7:8:9:"|"Spring, Winter"|"These tiny flowers grow up to 25 cm (10 inches) high."|"Galanthus prefers moist and well drained soil of pH 6.0 to 8.0."|"Full sun, Partial sun"|"average"|"low"
Gardenia|Gardenia|"Shrubs, Trees"|"The most of them are white (or a related color like ivory or cream), but some of them are yellow."|":6:7:8:9:10:11:"|"Spring, Summer"|"Gardenia grows between 60 cm (2 ft) and 6 metres (20 ft) tall, depending on species."|"Gardenia likes moist, but well drained soil. The ideal soil pH is between 5.0 and 6.0."|"Full sun, Partial sun"|"average"|"hard"
Gazania|Treasure Flower|"Annuals, Perennials"|"The flowers come in shades of yellow, orange, pink, red and white. The colors of the petals are bright and unique."|":8:9:10:11:"|"Spring, Autumn, Winter"|"The plant grows up to 30 cm (1 ft) high."|"Gazania will grow best in well-drained soil in full sun, with a pH level between 5.5 and 7.0."|"Full sun"|"low"|"low"
Gentiana|Gentian|"Annuals, Perennials"|"Most of the species have beautiful, vivid blue flowers, but white, yellow, purple and red varieties are also available."|":3:4:5:6:7:8:9:"|"Spring, Autumn, Summer"|"These plants range from dwarf species just 5 cm (2 inches) tall to the larger varieties that grow up to 90 cm (3 ft) in height."|"Gentiana will grow best in rich, moist and well drained soil, with a pH level between 5.0 and 7.5."|"Full sun, Partial sun"|"average"|"low"
Geranium|Cranesbills|"Annuals, Perennials"|"The flowers come in shades of white, red, blue, purple and pink."|":2:3:4:5:6:7:8:9:10:"|"Spring, Autumn, Summer"|"These plants grow between 15 and 120 cm (6 inches to 4 ft) in height."|"Geranium will grow in almost any kind of soil. The ideal soil pH should be mildly acidic."|"Full sun, Partial sun"|"average"|"low"
Gerbera|Gerbera|"Perennials"|"These flowers come in many different colors except blue."|":8:9:10:11:"|"Spring, Autumn, Summer"|"These plants are 20 to 45 cm (8-18 inches) tall. The flower heads vary from 7 to 12 centimeters (3 to 5 inches) in diameter."|"Gerberas prefer rich and well-drained soil, with lots of added organic matter. They grow best in slightly acidic soil, with a pH level of 5.5 - 6.5."|"Full sun, Partial sun"|"average"|"low"
Geum|Avens|"Perennials"|"Geum comes in various colors including white, yellow, orange, pink and red."|":3:4:5:6:7:8:9:"|"Spring, Summer"|"The plant grows up to 60 cm (2 ft) tall."|"Geums prefer rich, moist and well drained soil, with a pH level between 5.5 and 7.0."|"Full sun, Partial sun"|"average"|"low"
Gladiolus|Gladiola; Sword Lily|"Bulbs, Perennials"|"The flowers range from white, yellow, pink and lavender to red, purple and even green."|":2:3:4:5:6:7:8:9:10:"|"Spring, Autumn, Summer"|"These plants grow between 60 to 180 cm (2 to 6 ft) in height."|"They prefer moist and well-drained soil, with a pH level between 6.0 and 7.0."|"Full sun"|"average"|"low"
Gloriosa|Flame Lily|"Annuals, Bulbs, Climbers, Perennials"|"The flowers come in shades of red, orange, pink and yellow."|":8:9:10:11:"|"Spring, Autumn, Summer"|"Gloriosa usually grows to about 3 m (10 ft), but sometimes reaches more than 3 m (10 ft) in height and requires a trellis or wall to climb on. Some species, such as Gloriosa lutea (Gloriosa Lily), are smaller in size."|"The plant prefers rich, well-drained soil that retains moisture. It will perform best in neutral to alkaline soil ranging from 5.8 to 6.5 on the pH scale."|"Full sun, Partial sun"|"average"|"medium"
Gomphrena|Gomphrena|"Annuals, Perennials"|"The flowers come in various colors including white, yellow, pink, orange, red and purple."|":2:3:4:5:6:7:8:9:10:11:"|"Spring, Autumn, Summer"|"These beautiful plants can reach up to 90 cm (3 ft) in height, but most of the species are smaller than that."|"The plant is not fussy about the soil type as long as it is well drained. It grows best in full sun and is tolerant of dry soil and humidity."|"Full sun"|"average"|"low"
Grevillea|Spider Flower; Silky Oak|"Shrubs, Trees"|"Grevillea flowers may be red, yellow, orange, purple or white, depending on species."|":9:10:11:"|"Spring, Autumn, Winter, Summer"|"These plants range from small shrubs around 50 cm (20 inches) high to large trees up to 35 metres (115 ft) tall."|"Grevillea grows in all types of soil, but prefers well-drained soil."|"Full sun, Partial sun"|"low"|"low"
Gypsophila|Baby&#39;s Breath|"Annuals, Perennials"|"The plants have small white or pink flowers."|":3:4:5:6:7:8:9:"|"Spring, Summer"|"Gypsophila range in size from 15 cm (6 inches) to 1 m (30 ft) tall."|"Gypsophila tolerates any kind of soil, but good drainage is essential.  Some species prefer calcium-rich, alkaline soils."|"Full sun"|"low"|"low"
Hamamelis|Witch Hazel|"Shrubs, Trees"|"Hamamelis flowers range in color from deep red to yellow."|":3:4:5:6:7:8:9:"|"Spring, Autumn, Winter"|"The plant grows between 150 cm (5 ft) and 8 m (26 ft) in height, depending on the species."|"Hamamelis likes fertile, moist and well drained soil, with a ph between 4.5. and 7.0. It tolerates deep soils over chalk."|"Full sun, Partial sun"|"average"|"low"
Helenium|Sneezeweed|"Annuals, Perennials"|"Helenium flowers come in shades of yellow, orange, red and brown."|":3:4:5:6:7:8:"|"Autumn, Summer"|"Helenium grows up to 150 cm (5 ft) tall."|"Helenium likes moist and well drained soil, and will tolerate most pH levels."|"Full sun"|"average"|"medium"
Helianthus|Sunflower|"Annuals, Perennials"|"Although yellow is the original color, Sunflowers also come in shades of cream, red, orange and purple that contrast with deep brown centers."|":3:4:5:6:7:8:9:"|"Autumn, Summer"|"Although there are some dwarf species that grow 30-60 cm (1-2 ft) tall, Sunflowers are usually tall plants which can grow up to 3 metres (10 ft) in height."|"Sunflowers grow best in fertile, well drained soil, with a pH range between 6.0 and 7.5."|"Full sun"|"average"|"low"
Heliconia|Lobster Claw; False Bird of Paradise|"Perennials"|"The colors of the flowers range in hues of red, orange, pink, yellow and green."|":9:10:11:"|"Spring, Autumn, Summer"|"Heliconias can vary in height from as small as 60 cm (2 ft) to 6 metres (20 ft), depending on species."|"Heliconia prefers rich and well drained soil that stays consistently moist. The optimal pH range is between 5.0 and 7.0."|"Full sun, Partial sun"|"average"|"low"
Helleborus|Hellebore; Christmas Rose|"Perennials"|"The flowers come in various colors, from purple to pink, green, yellow, white and even black."|":4:5:6:7:8:9:"|"Spring, Winter"|"They range in size from 30 cm (1 ft) to 1,2 metres (4 ft) tall."|"These plants prefer rich, moist and well-drained soil. They are tolerant of most soil types, but avoid planting them in dry or waterlogged soil."|"Partial sun, Shade"|"average"|"low"
Hibiscus|Rose Mallow|"Annuals, Perennials, Shrubs, Trees"|"The flowers come in a variety of colors, from red, orange, pink and yellow to white, purple and blue."|":4:5:6:7:8:9:10:11:"|"Autumn, Summer"|"These beauties can reach heights up to 4 metres (13 ft)."|"Hibiscus likes moist and well drained soil, with a neutral to slightly acidic pH."|"Full sun, Partial sun"|"average"|"low"
Hippeastrum|Amaryllis|"Bulbs"|"Hippeastrum comes in red, pink, salmon, orange, white, yellow and pale green colors."|":2:3:4:5:6:7:8:9:10:"|"Spring, Winter, Summer"|"Hippeastrum grows from 30 cm to 90 cm (1 to 3 ft) high."|"This plant will grow in moist and well drained soil that is acidic, alkaline or neutral."|"Full sun, Partial sun"|"average"|"low"
Hosta|Plantain Lily|"Perennials"|"These flowers are usually white, whitish with lavender lines or even purple."|":3:4:5:6:7:8:9:"|"Spring, Autumn, Summer"|"Some varieties are short, while some can grow up to 180 cm (6 ft) tall."|"Hosta can tolerate just about any soil, but does best in rich, moist and well-drained soil."|"Partial sun, Shade"|"average"|"low"
Hoya|Wax Plant|"Climbers, Perennials, Shrubs"|"The flowers are mostly white, but are also available in shades of pink, red, purple, orange and green."|":8:9:10:11:12:"|"Spring, Autumn, Winter, Summer"|"Hoya plants range in size from 10 cm (4 inches) to 3 meters (10 ft) in height."|"The plant will grow best in moist and well drained soil, with a pH between 5.0 and 6.5."|"Full sun, Partial sun"|"average"|"low"
Hyacinthus|Hyacinth|"Bulbs"|"Hyacinth comes in many color varieties, such as purple, blue, white, yellow, red, pink and orange."|":4:5:6:7:8:"|"Spring"|"Hyacinth can grow up to 30 cm (1 ft) in height."|"These plants will perform well in moist and well drained soil that is neutral to slightly acidic."|"Full sun, Partial sun"|"average"|"low"
Hydrangea|Hortensia|"Climbers, Shrubs, Trees"|"The flowers come in shades of blue, purple, white, pink and red."|":3:4:5:6:7:8:9:"|"Spring, Autumn, Summer"|"These plants range in size from 60 cm to 12 metres (2 ft to 40 ft) in height, depending on species."|"Hydrangea grows best in moist, but well-drained soil."|"Partial sun"|"average"|"low"
Hypericum|St. John’s Wort|"Annuals, Perennials, Shrubs, Trees"|"The flowers are generally yellow."|":4:5:6:7:8:9:"|"Spring, Autumn, Summer"|"Hypericum can reach a height between 30 cm (1 ft) and 2 m (7 ft), depending on species."|"Hypericum grows best in moist and well drained soil that has a pH between 5.5 and 7.0."|"Full sun, Partial sun"|"average"|"low"
Hypoxis|Star Grass|"Perennials"|"The flowers are bright yellow in color."|":5:6:7:8:9:10:"|"Spring, Summer"|"Hypoxis plants usually grow to a height of 20 cm (8 inches)."|"Hypoxis grows best in moist areas with full sun. Most species are not fussy about the soil pH."|"Full sun, Partial sun"|"low"|"low"
Hyssopus|Hyssop|"Perennials, Shrubs"|"The flowers are usually purple and blue, or rarely pink and white."|":3:4:5:6:7:8:9:10:"|"Spring, Autumn, Summer"|"The plant usually grows to a height of 60 cm (2 ft)."|"Hyssopus thrives in sunny or partially shaded areas with well drained, moist or dry soil. It is an adaptable plant that grows in sandy or loamy soils and tolerates a pH range from 5.0 to 8.0."|"Full sun, Partial sun"|"average"|"low"
Iberis|Candytuft|"Annuals, Perennials, Shrubs"|"The flowers are usually white, but can also be pink or lilac."|":3:4:5:6:7:8:9:"|"Spring, Summer"|"The plant can reach a height between 15 cm (6 inches) and 30cm (1 ft)."|"Iberis likes rich, moist and well drained soil. Some species can grow in nutritionally poor soil."|"Full sun"|"average"|"medium"
Impatiens|Jewelweed; Touch-me-not; Busy Lizzy|"Annuals, Perennials"|"These flowers are available in a variety of colors including blue, purple, orange, red, pink, white and yellow."|":8:9:10:11:12:"|"Spring, Autumn, Summer"|"They are short plants that usually don&#39;t grow larger than 30 cm (1 ft)."|"These plants prefer rich, moist and well drained soil, with a pH between 6.0 and 7.5."|"Partial sun, Shade"|"average"|"low"
Ipomoea|Morning Glory; Kangkung|"Annuals, Climbers, Perennials, Shrubs, Trees"|"The flowers come in many colors including white, red, blue, purple and yellow."|":2:3:4:5:6:7:8:9:10:11:"|"Spring, Autumn, Summer"|"These plants vary in size from 20 cm (8 inches) to 4,5 metres (15 ft) in height."|"The plant is very adaptable and will grow in almost any type of soil that is well drained."|"Full sun"|"average"|"low"
Iris|Iris|"Perennials"|"Iris comes in a rainbow of colors including blue, purple, white, yellow, pink, orange, brown, red and black."|":3:4:5:6:7:8:9:"|"Spring, Autumn, Winter, Summer"|"Irises are available in different sizes, which range from dwarf species (5 cm or 2 inches) to much larger varieties (130 cm or 4 ft)."|"Iris performs best in moist and well drained soil that is slightly acidic."|"Full sun, Partial sun"|"average"|"low"
Ixora|Jungle Flame; Flame of the Woods|"Shrubs, Trees"|"Ixora comes in bright red, orange, pink, yellow and white colors. The red color is the most common color."|":9:10:11:"|"Spring, Summer"|"Ixora grows up to 200 cm (7 ft) in height."|"Ixora likes moist, but well drained soil. It should be planted in rich, acidic soil because alkaline soil can result in yellow foliage."|"Full sun, Partial sun"|"average"|"low"
Jacaranda|Jacaranda|"Shrubs, Trees"|"These flowers come in shades of purple and blue."|":9:10:11:"|"Spring, Summer"|"These plants grow between 1 and 10 metres (3-32 ft) tall, depending on species."|"Although Jacaranda tolerates a wide variety of soils, it grows best in sandy soil, with a slightly acidic pH range."|"Full sun, Partial sun"|"average"|"low"
Jasione|Jasione|"Annuals, Perennials"|"The flowers are blue or purple in color,"|":4:5:6:7:8:9:"|"Spring, Autumn, Summer"|"Jasione can grow up to 50 cm (2 ft) in height."|"This plant needs well drained soil. It is not fussy about soil pH"|"Full sun, Partial sun"|"average"|"low"
Jasminum|Jasmine|"Climbers, Shrubs"|"Most of the Jasmine species bear white or pale yellow flowers."|":6:7:8:9:10:11:"|"Spring, Summer"|"Growing approximately 30-60 cm (1-2 ft) per year, Jasmines can reach 150 cm (5 ft) tall as a shrub and over 10 m (33 ft) as a vine."|"Jasmine likes fertile and moist, but well drained soil. The ideal soil pH is between 6.0 and 7.5."|"Full sun, Partial sun"|"low"|"low"
Justicia|Jacobinia|"Perennials, Shrubs"|"Justicia comes in shades of red, orange, pink, yellow, white and cream."|":8:9:10:11:12:"|"Summer"|"The smaller types grow in mounds about 50 cm (2 ft) high, while others are more shrublike and grow up to 2,5 metres (8 ft) tall."|"Justicia prefers well drained, acidic to neutral soil."|"Partial sun, Shade"|"average"|"low"
Kalanchoe|Kalanchoe|"Cactus - Succulents, Perennials, Shrubs"|"Kalanchoe comes in a variety of colors, including orange, pink, red, white and many variations thereof."|":9:10:11:"|"Spring, Autumn, Winter, Summer"|"Most species are less than 1 m (3 ft), with the exception of Kalanchoe beharensis from Madagascar which can reach the height of 6 m (20 ft)."|"These plants do best in well drained soil, with a pH level between 5.0 and 6.5."|"Full sun, Partial sun"|"low"|"low"
Kalmia|Spoonwood|"Shrubs"|"The flowers are usually pink, purple, lavender or white."|":4:5:6:7:8:9:"|"Spring, Summer"|"These plants range from 25 cm (1 ft) to 5 metres (16 ft) in height."|"The plant prefers moist, well drained and acidic soil."|"Full sun, Partial sun"|"average"|"low"
Kerria|Japanese Kerria; Japanese Rose|"Shrubs"|"These flowers are bright yellow in color."|":4:5:6:7:8:9:"|"Spring, Summer"|"Kerria grows up to 3 metres (10 ft) in height."|"Kerria japonica grows best in moist, well drained and slightly acidic soil."|"Partial sun"|"average"|"low"
Kniphofia|Red Hot Pokers; Torch Lily; Tritoma|"Perennials"|"Kniphofia blooms in shades of red, orange, yellow and cream. These plants change color as the flower matures, which results in a bicolor look."|":5:6:7:8:9:10:"|"Spring, Autumn, Summer"|"Kniphofia grows up to 2 metres (7 ft) high."|"This plant will grow in moist and well drained soil that is neutral, alkaline or acidic."|"Full sun"|"average"|"low"
Kolkwitzia|Beauty Bush|"Shrubs"|"The flowers are soft pink to white, each with a yellow troat."|":4:5:6:7:8:"|"Spring, Summer"|"Kolkwitzia amabilis grows up to 3 metres (10 ft) in height."|"The plant prefers fertile and moist, but well drained soil. It can tolerate acid to alkaline soil, with a pH between 5.0 and 8.0."|"Full sun, Partial sun"|"average"|"low"
Kunzea|Kunzea|"Shrubs, Trees"|"Kunzea flowers come in various colors including white, yellow, pink, purple and red."|":7:8:9:10:"|"Autumn, Winter, Summer"|"They range in size from small ground covers to 10 metre (32 ft) trees."|"Kunzeas prefer moist and well drained soil, but will grow in a variety of soils with a pH range of 6.0 to 8.0."|"Full sun, Partial sun"|"average"|"low"
Lantana|Shrub Verbena|"Annuals, Perennials, Shrubs"|"Lantana comes in a rainbow of colors including red, orange, pink, lavender, yellow, white or a mixture of these and will often display different colors in the center and on the edges."|":8:9:10:11:"|"Spring, Autumn, Summer"|"The species range in size from 25 cm to 1,2 metres (10 inches to 4 ft) tall."|"Lantana prefers moist, but well drained soil, with a pH between 6.5 and 7.5."|"Full sun"|"average"|"low"
Lathyrus|Sweet Pea|"Annuals, Climbers, Perennials"|"The flowers come in a wide variety of colors, including white, cream, yellow, red, scarlet, pink, salmon, magenta, purple, lavender and blue."|":2:3:4:5:6:7:8:9:10:11:"|"Spring, Autumn, Summer"|"The species range from 30 cm (1 ft) to 280 cm (9 ft) tall, depending on variety."|"The plant grows in moist and well drained soil and will survive in acid, alkaline and neutral soil."|"Full sun"|"average"|"low"
Leontopodium|Edelweiss|"Perennials"|"This plant has small, yellow clustered florets."|":4:5:6:7:8:9:"|"Spring, Autumn, Summer"|"The plant reaches about 30 cm (1 ft) in height."|"Leontopodium needs good drainage and pH between 6.5 and 7.5 (slightly alkaline to medium acidity)."|"Full sun, Partial sun"|"average"|"low"
Leucojum|Snowflake|"Bulbs, Perennials"|"Snowflakes have white flowers with faint green tips."|":3:4:5:6:7:8:9:"|"Spring, Summer"|"Leucojum grows up to 60 cm (2 ft) high."|"These plants are not fussy about soil type, but they bloom best in a soil that is rich, moist and well-drained."|"Full sun, Partial sun"|"average"|"low"
Lewisia|Lewisia|"Perennials"|"The flowers come in shades of white, pink, purple, orange and red."|":3:4:5:6:7:8:"|"Spring, Autumn, Summer"|"Lewisia is a small plant, growing up to 30 cm (1 ft) in height."|"Lewisia prefers moderately fertile and well drained soil, with a ph value between 5.0 and 8.0. It is drought tolerant and thrives in poor and dry soils."|"Full sun, Partial sun"|"low"|"low"
Liatris|Blazing Star; Gayfeather|"Perennials"|"The flowers come in shades of purple, lavender, pink, white, rose and violet."|":3:4:5:6:7:8:9:10:"|"Autumn, Summer"|"The plant grows up to 150 cm (5 ft) in height."|"Liatris will grow best in sandy or loamy soil, with a pH between 5.5 and 7.5. Plant Liatris in tough soil conditions with good drainage."|"Full sun"|"average"|"low"
Lilium|Lily|"Bulbs, Perennials"|"Lilies come in a large variety of colors and the most common are white, yellow, orange and red."|":3:4:5:6:7:8:9:"|"Spring, Autumn, Summer"|"Some species are small, about 30 cm or 1 ft (such as Dwarf Asiatic Lilies), while others can reach a height of 270 cm or 9 ft (Lilium Superbum)."|"Most Lilies prefer moist and well-drained soil and they will perform best in soil that is slightly acidic."|"Full sun, Partial sun"|"average"|"low"
Limonium|Sea Lavender; Statice|"Annuals, Perennials, Shrubs"|"The flowers are blue, purple, pink, yellow or white."|":3:4:5:6:7:8:9:10:11:"|"Spring, Summer"|"The plant grows up to 90 cm (3 ft) in height."|"Limonium prefers rich and well-drained soil in full sun. It is not particular as to soil pH."|"Full sun"|"low"|"low"
Lobelia|Lobelia|"Annuals, Perennials, Shrubs"|"The flowers come in shades of blue, white, pink, red and purple."|":3:4:5:6:7:8:9:"|"Spring, Autumn, Summer"|"The plant ranges in height from 15 cm (6 inches) to 150 cm (5 ft), depending on species."|"Lobelia prefers rich, moist and well drained soil, with a pH level from 6.0 to 7.5."|"Full sun, Partial sun"|"average"|"low"
Lonicera|Honeysuckle|"Climbers, Shrubs"|"The flowers come in shades of white, yellow, pink, orange and red."|":2:3:4:5:6:7:8:9:10:"|"Spring, Autumn, Winter, Summer"|"Honeysuckles range in height from 60 cm (2 ft) to 9 m (30 ft) tall."|"Some species prefer fertile, rich, moist and well-drained soil, while others will grow in any well-drained soil."|"Full sun, Partial sun"|"average"|"low"
Lupinus|Lupine; Lupin|"Annuals, Perennials"|"The flowers are usually blue or purple, but sometimes pink, yellow and white."|":4:5:6:7:8:"|"Spring, Summer"|"Lupinus grows from 30 cm to 1,5 m (1 to 5 ft) tall, depending on species."|"Lupinus grows best in well drained, neutral to slightly acidic soil. The ideal pH is between 5.5 and 7.0."|"Full sun, Partial sun"|"average"|"low"
Lycoris|Red Spider Lily|"Bulbs, Perennials"|"The flowers come in shades of red, pink, orange, white and yellow."|":5:6:7:8:9:10:"|"Spring, Autumn, Summer"|"Lycoris grows up to 60 cm (2 ft) in height."|"The plant prefers soils that are rich and well-drained, with medium moisture. It is not fussy about the soil pH."|"Full sun, Partial sun"|"average"|"low"
Magnolia|Magnolia|"Shrubs, Trees"|"Magnolia produces white, purple, pink and yellow flowers, depending on variety."|":4:5:6:7:8:9:"|"Spring, Summer"|"The trees can grow to a height of 20 metres (65 ft), while shrubs are smaller and are 2,5 to 6 metres (8-20 ft) high."|"Magnolia grows best in rich, moist and well drained soil. They prefer acidic soil, but can tolerate clay, loam, or sand."|"Full sun, Partial sun"|"average"|"low"
Malva|Mallow|"Annuals, Perennials"|"The flowers are usually pink, purple and white."|":3:4:5:6:7:8:9:10:"|"Spring, Autumn, Summer"|"This plant grows up to 150 cm (5 ft) in height, but most of the species are smaller than that."|"Mallow likes rich and well-drained soil, even slightly dry and poor. Most species prefer neutral to slightly acidic pH."|"Full sun, Partial sun"|"average"|"low"
Mandevilla|Dipladenia; Rocktrumpet|"Annuals, Climbers, Perennials"|"The flowers come in shades of red, pink, white and yellow."|":9:10:11:"|"Spring, Autumn, Summer"|"The species can grow up to 6 metres (20 ft) in height, or even more."|"Mandevilla prefers rich, sandy and well drained soil with organic material added."|"Partial sun"|"average"|"medium"
Mimosa|Mimosa|"Annuals, Perennials, Shrubs, Trees"|"The flowers come in shades of pink, purple and white."|":9:10:11:12:13:"|"Summer"|"They can be found in various sizes and some (Mimosa pigra) may grow as large as 6 m (20 ft) tall."|"Mimosa grows best in moist and well-drained loamy soil. The ideal soil pH is between 5.0 and 7.0."|"Full sun, Partial sun"|"average"|"medium"
Monarda|Bee Balm; Bergamot|"Perennials"|"These flowers come in shades of red, pink, purple and white."|":3:4:5:6:7:8:9:"|"Autumn, Summer"|"Different varieties vary in height from dwarf species barely 25 cm (10 inches) tall to &#34;giants&#34; that reach about 1,5 metres (5 ft) high."|"Monarda prefers well drained soil, with a pH from 6.0 to 7.0."|"Full sun, Partial sun"|"average"|"low"
Muscari|Grape Hyacinth|"Bulbs"|"These flowers are commonly blue. However, the white, pink and yellow types can also be found."|":4:5:6:7:8:9:"|"Spring"|"Muscari is a small plant that grows between 10 cm (4 inches) and 25 cm (10 inches) tall."|"The plant grows best in moist and well drained soil, with a pH between 6.0 and 7.0."|"Full sun, Partial sun"|"average"|"low"
Myosotis|Forget Me Not; Scorpion Grass|"Perennials"|"The flowers are usually blue, but may be pink or white, sometimes with a yellow center."|":3:4:5:6:7:8:9:"|"Spring, Summer"|"Myosotis can reach about 30 cm (1 ft) in height."|"This plant performs best in rich, moist and well drained soil, with a pH between 5.5 and 7.5."|"Full sun, Partial sun"|"average"|"low"
Myrtus|Myrtle|"Shrubs, Trees"|"The flowers are most commonly white."|":8:9:"|"Spring, Summer"|"Myrtle grows up to 6 metres (20 ft) in height."|"Myrtle likes moist and well drained soil. The ideal pH value is between 6.0 and 8.0."|"Full sun, Partial sun"|"average"|"low"
Narcissus|Daffodil|"Bulbs, Perennials"|"These flowers are usually white and yellow."|":3:4:5:6:7:8:9:"|"Spring"|"Some species can reach a height of 10 cm (4 inches), while others can grow up to 90 cm (3 ft) tall."|"These plants prefer rich and moist, but well-drained soil and will grow best in soil that is neutral to slightly acidic (pH of 6.0 to 7.0)."|"Full sun, Partial sun"|"low"|"low"
Nelumbo|Lotus|"Perennials"|"Nelumbo nucifera has white or pink flowers, while Nelumbo lutea has yellow ones."|":4:5:6:7:8:9:10:"|"Spring, Summer"|"The leaves and flowers of Nelumbo nucifera are held on stems up to 2 metres (7 ft) tall. The Nelumbo lutea are almost the same size, ranging from 80 cm to 1,5 metres (3-5 ft) in height."|"Both species need rich and loamy soil. The optimal soil pH is between 6.5 and 8.0."|"Full sun"|"average"|"low"
Nemesia|Nemesia|"Annuals, Perennials, Shrubs"|"These flowers come in shades of blue, purple, red, pink, orange, mauve, yellow, cream and white."|":8:9:10:11:"|"Spring, Autumn, Winter, Summer"|"The half-inch flowers bloom on plants that grow up to 60 cm (2 ft) tall."|"Nemesia likes moist and well drained soil. The ideal soil pH is between 5.5 and 7.0."|"Full sun, Partial sun"|"average"|"low"
Nemophila|Baby Blue Eyes|"Annuals"|"The flowers vary in color from a true blue to a definite purple."|":2:3:4:5:6:7:8:9:10:11:"|"Spring, Winter"|"Nemophila is a small plant, rarely growing over 30 cm (1 ft) high."|"The plant likes rich, moist and well drained soil. It prefers soil with a pH of 5.5 to 8.0."|"Full sun, Partial sun"|"average"|"low"
Nepeta|Catmint; Catnip; Cataria|"Perennials"|"Nepeta comes in shades of blue, purple, white and even pink and yellow."|":3:4:5:6:7:8:9:"|"Spring, Autumn, Summer"|"Nepeta grows between 20 cm and 2 metres (8 inches to 7 ft) high, depending on variety."|"Nepeta prefers moist and well drained soil, with a pH level between 5.5 and 7.0."|"Full sun, Partial sun"|"low"|"low"
Nerine|Guernsey Lily|"Bulbs, Perennials"|"The flowers come in shades of pink, orange, red and white."|":8:9:10:11:"|"Autumn, Summer"|"Nerine reaches 60 cm (2 ft) in height."|"Nerine likes moist and well drained soil. It is not particular as to soil type or pH."|"Full sun, Partial sun"|"average"|"medium"
Nerium|Oleander|"Shrubs, Trees"|"The flowers come in shades of red, purple, pink, yellow, cream and white."|":8:9:10:11:"|"Spring, Autumn, Summer"|"This plant can grow up to 6 meters (20 ft) high."|"Oleander will grow in almost any soil and can tolerate drought and high salt content in soil. The ideal soil pH is between 6.5 and 7.5."|"Full sun"|"average"|"low"
Nigella|Love-in-a-mist; Devil-in-a-bush|"Annuals"|"The flowers are blue, white and even yellow and pink."|":2:3:4:5:6:7:8:9:10:"|"Spring, Autumn, Summer"|"Nigella grows between 20 cm (8 inches) and 90 cm (3 ft) in height."|"The plant prefers good drainage and average soil with a pH value between 6.0 to 7.0."|"Full sun, Partial sun"|"average"|"low"
Obregonia|Artichoke Cactus|"Cactus - Succulents"|"The flower colors are usually white or slightly pink, with yellow stamens."|":9:10:11:12:"|"Summer"|"Obregonia is a small-sized plant, about 15 cm (6 inches) in height."|"Obregonia performs best in well-drained soil with little organic material and neutral pH."|"Full sun, Partial sun"|"low"|"medium"
Oenothera|Oenothera|"Annuals, Perennials"|"Oenothera produces yellow, pink and white flowers."|":3:4:5:6:7:"|"Spring, Autumn, Summer"|"The species vary in size from 15 cm to 2,5 metres (6 inches to 8 ft) high."|"Oenothera prefers well-drained soil and will do well in poor soil."|"Full sun, Partial sun"|"average"|"low"
Opuntia|Prickly Pear|"Cactus - Succulents"|"These flowers are usually yellow, sometimes red and pink, but rarely white."|":6:7:8:9:10:11:"|"Spring, Summer"|"Opuntias vary in height from 20 cm (8 inches) to giants that grow up to 4,5 metres (15 ft) in height."|"Opuntia needs well-drained soil that is acid, alkaline or neutral."|"Full sun, Partial sun"|"low"|"low"
Ornithogalum|Star of Bethlehem|"Bulbs, Perennials"|"The flowers come in white, yellow and orange colors."|":4:5:6:7:8:9:10:"|"Spring, Summer"|"The plant can grow between 10 and 60 cm (4 inches to 2 ft) tall."|"Ornithogalum prefers moist, but well-drained soil. You can grow it in any sandy or loamy soil."|"Full sun, Partial sun"|"average"|"low"
Osteospermum|African Daisy|"Annuals, Perennials, Shrubs"|"The flowers come in numerous colors and shades including blue, purple, mauve, pink, yellow, white and cream."|":9:10:11:"|"Spring, Autumn, Summer"|"Osteospermum reaches up to 60 cm (2 ft) in height."|"These sun-loving plants prefer well-drained soil of average fertility. They do not appear to be fussy about soil pH."|"Full sun"|"average"|"low"
Oxalis|Wood Sorrel|"Annuals, Bulbs, Perennials"|"The flowers come in shades of yellow, pink, white and purple."|":4:5:6:7:8:9:10:11:"|"Spring, Autumn, Summer"|"This plant reaches 7 to 30 cm (3 to 12 inches) in height."|"Oxalis prefers moist and well drained soil, but does not like to be in a soggy spot. They have no special soil requirements."|"Full sun, Partial sun"|"average"|"low"
Paeonia|Peony|"Perennials, Shrubs"|"Peonies produce red, pink, purple, white and yellow flowers."|":2:3:4:5:6:7:8:9:"|"Spring, Summer"|"These species range in size from 60 cm to 120 cm (2 to 4 ft) tall. However, Peony trees can grow to 3 metres (10 ft) in height."|"Peony likes moist and well drained soil, with a pH level from 6.0 to 7.5."|"Full sun, Partial sun"|"average"|"low"
Papaver|Poppy|"Annuals, Perennials"|"The flowers bloom in a range of colors, from white, yellow, pink and orange to red and purple."|":3:4:5:6:7:8:9:10:"|"Spring, Summer"|"Poppy usually grows between 30 and 90 cm (1-3 ft) tall."|"The plant likes well drained soil that is acidic, neutral or alkaline. It tolerates poor soil and drought."|"Full sun, Partial sun"|"average"|"low"
Passiflora|Passion Flower; Passion Vine|"Annuals, Climbers, Perennials, Shrubs, Trees"|"Though a wide range of colors exist, the most common are white, purple and blue."|":6:7:8:9:10:11:"|"Spring, Autumn, Summer"|"These plants range in size from 60 cm (2 ft) to 20 metres (65 ft), depending on variety."|"Passiflora likes soil that is fertile, moist and well drained. Soil pH can be anywhere between 6.0 to 7.5."|"Full sun, Partial sun"|"average"|"medium"
Pelargonium|Geranium|"Annuals, Cactus - Succulents, Perennials, Shrubs"|"The flowers come in shades of red, purple, orange, pink and white, with many bicolored combinations."|":8:9:10:11:12:"|"Spring, Autumn, Summer"|"Pelargoniums grow from 30 to 180 cm (1 to 6 ft) tall."|"Pelargoniums prefer fertile, moist and well-drained soil. They are not particular about soil pH, but will do best in a soil that is neutral to slightly acidic."|"Full sun, Partial sun"|"average"|"low"
Penstemon|Beardtongue|"Perennials"|"Penstemon flowers come in shades of white, yellow, blue, red and purple."|":3:4:5:6:7:8:9:10:"|"Autumn, Summer"|"This plant grows between 30 cm (1 ft) and 120 cm (4 ft) high, depending on species."|"Most Penstemons require moist and well-drained soil. They usually grow on poor, rocky or sandy soils. This plant does not seem to be fussy about the soil pH, but prefers soil with a pH from 5.5 to 7.0."|"Full sun, Partial sun"|"average"|"low"
Perovskia|Perovskia|"Perennials, Shrubs"|"The flowers come in shades of purple and blue."|":4:5:6:7:8:9:"|"Autumn, Summer"|"Perovskia grows up to 150 cm (5 ft) tall."|"This plant does not need a rich soil to grow well, but good drainage is needed. Perovskia thrives in dry soil and requires little water once established. It tolerates a wide range of soil ph."|"Full sun"|"low"|"low"
Petunia|Petunia|"Annuals, Perennials"|"Petunias are available in almost all colors except for true blue. The most common colors are white, yellow, pink, red and purple."|":8:9:10:11:"|"Spring, Autumn, Summer"|"The species range in size from 15 cm to 120 cm (6 inches to 4 ft) in height."|"Petunia prefers fertile, moist, but well drained soil, with a pH between 6.0 and 7.0."|"Full sun, Partial sun"|"average"|"low"
Phacelia|Scorpionweed|"Annuals, Perennials"|"The flowers are most commonly seen in shades of purple and blue."|":2:3:4:5:6:7:8:9:10:"|"Spring, Summer"|"Phacelia can grow up to 120 cm (4 ft) high."|"Phacelia prefers well drained soils within a pH range of 6.5 to 8.5."|"Full sun, Partial sun"|"low"|"low"
Phlox|Phlox|"Annuals, Perennials"|"There are many different color varieties available, such as white, yellow, pink, purple, red, lavender, rose, magenta."|":2:3:4:5:6:7:8:9:"|"Spring, Autumn, Summer"|"Phlox can be found in different sizes, from dwarf species only around 10 cm (4 inches) in height to some reaching 120 cm (4 ft) tall."|"This plant prefers moist, but well drained soil, with a pH level between 5.0 and 6.5."|"Full sun, Partial sun"|"average"|"medium"
Platycodon|Balloon Flower; Chinese Bellflower; Japanese Bellflower|"Perennials"|"Platycodon come in purple, blue, pink and white."|":3:4:5:6:7:8:"|"Autumn, Summer"|"The plant can grow nearly 60 cm (2 feet) tall."|"Platycodon will grow in any good well-drained soil, but prefers sandy soil. It will do best in a slightly acidic soil."|"Full sun, Partial sun"|"average"|"low"
Plumbago|Plumbago|"Annuals, Climbers, Perennials, Shrubs"|"The flowers come in a variety of colors, but the most common are blue and white."|":8:9:10:11:"|"Spring, Autumn, Winter, Summer"|"The plants can reach up to 3 m (10 ft) in height, although they are typically smaller."|"These plants prefer fertile and well-drained soils. They are drought tolerant and are not fussy about the soil&#39;s pH level."|"Full sun, Partial sun"|"average"|"low"
Plumeria|Frangipani; Hawaiian Lei Flower|"Shrubs, Trees"|"These flowers can be found in shades of white, yellow, pink and red."|":9:10:11:"|"Spring, Autumn, Summer"|"Their sizes vary depending on the variety. Some species can grow up to 10 metres (32 ft) in height, but dwarf varieties are also available."|"Plumeria prefers moist, but well drained soil that is slightly acidic."|"Full sun, Partial sun"|"average"|"low"
Polygonatum|Solomon&#39;s Seal|"Perennials"|"The flowers come in white, green or pink, in solid colors or in combinations."|":3:4:5:6:7:8:"|"Spring, Summer"|"These plants vary in height from 60 to 200 cm (2 to 7 ft), depending on species."|"This plant prefers fertile, moist and well-drained soil. It is not fussy about soil pH,"|"Partial sun, Shade"|"average"|"low"
Potentilla|Cinquefoil|"Annuals, Perennials, Shrubs"|"The flowers are usually yellow, but can also be white, purple, pink or red."|":2:3:4:5:6:7:8:9:"|"Spring, Autumn, Summer"|"Cinquefoil range in height from 30 to 120 cm (1 to 4 ft), depending on the varieties."|"It will thrive in almost any soil, though it prefers reasonably well-drained and moderately fertile soil. The soil pH should be between 5.0 and 7.0"|"Full sun, Partial sun"|"average"|"low"
Primula|Primrose|"Perennials"|"These flowers come in a wide range of colors, from blue, purple, green and orange to pink, red, yellow and white."|":3:4:5:6:7:8:9:"|"Spring"|"The species grows up to 60 cm (2 ft) in height."|"Primulas prefer moist, but well drained soil and grow best in neutral or slightly acidic soil."|"Full sun, Partial sun"|"average"|"low"
Protea|Protea|"Shrubs, Trees"|"These flowers come in shades of white, purple, red, orange, yellow and green."|":8:9:10:11:"|"Spring, Autumn, Winter, Summer"|"Proteas range in height from tiny shrubs to tall trees of 10 meters (33 ft)."|"The majority of species prefer well drained, sandy and slightly acidic soil (pH 5.5 to 7.0)."|"Full sun"|"low"|"low"
Prunus|Prunus|"Shrubs, Trees"|"Prunus flowers comes in shades of white, pink, purple and red."|":2:3:4:5:6:7:8:9:"|"Spring, Autumn, Winter, Summer"|"These plats range in height from 1,5 metres to 12 metres (5 to 40 ft) tall."|"Prunus likes moist and well drained soil that is acidic, neutral or alkaline."|"Full sun"|"average"|"low"
Pulmonaria|Lungwort|"Perennials"|"The flowers come in shades of blue, purple, pink and white."|":3:4:5:6:7:8:9:"|"Spring, Winter"|"Pulmonaria can grow up to 30 cm (1 ft) tall."|"Pulmonaria likes moist and well drained soil. Most of the species thrive best in soil with a pH in the 7.0 to 7.5 range."|"Partial sun, Shade"|"average"|"low"
Quesnelia|Quesnelia|"Cactus - Succulents, Perennials"|"The flowers come in red, blue, pink and yellow colors."|":9:10:11:12:"|"Spring, Winter"|"These plants can grow up to 60 cm (2 ft) in height."|"Quesnelia prefers moist and well drained soil. It is not fussy about soil pH."|"Full sun, Partial sun, Shade"|"average"|"low"
Rafflesia|Rafflesia|""|"Rafflesia is reddish brown with white marks on its petals."|"13"|"Spring, Autumn, Winter, Summer"|"Rafflesia can reach up to 1 m (more than 3 ft) in diameter."|"Rafflesia is a parasitic plant and depends completely upon its host, so it doesn&#39;t need any soil. Anyway, it has no roots, leaves or stem."|"Full sun, Partial sun, Shade"|"average"|"low"
Ranunculus|Buttercup; Crowfoot; Spearwort|"Annuals, Bulbs, Perennials"|"The flowers are usually yellow, but may also be white, pink and red."|":7:8:9:10:11:"|"Spring, Summer"|"Ranunculus can reach a height of between 20 and 60 cm (8 inches to 2 ft), depending on species."|"The plant prefers moist and well drained soil. The pH level of the soil should be slightly acidic."|"Full sun, Partial sun"|"average"|"low"
Rhododendron|Azalea|"Shrubs, Trees"|"Rhododendron blooms in various colors, from pure white to red, orange and pink to gold and purple."|":3:4:5:6:7:8:9:10:11:"|"Spring, Autumn, Winter, Summer"|"The species range in size from low ground covers and medium sized shrubs to trees that can reach 25 metres (82 ft) tall."|"Rhododendrons will perform best in moist and well drained soil, with a pH level between 4.5 and 6.0."|"Partial sun"|"average"|"low"
Rondeletia|Rondeletia|"Shrubs, Trees"|"The flowers are white, yellow, pink and red, sometimes with yellow centers."|":9:10:11:"|"Spring, Autumn, Winter, Summer"|"The plant can grow up to 4,5 metres (15 ft) tall."|"Rondeletia will grow best in rich, moist and well drained soil that is slightly acidic."|"Full sun, Partial sun"|"average"|"low"
Rosa|Rose|"Climbers, Roses, Shrubs"|"Roses range in color from white and yellow to red, pink and purple."|":2:3:4:5:6:7:8:9:10:"|"Spring, Autumn, Summer"|"Roses range in size from dwarf species to climbers that can reach 12 metres (40 ft) in height."|"This plant grows best in moist and well drained soil, with a pH level between 5.5 and 7.0."|"Full sun, Partial sun"|"average"|"medium"
Rudbeckia|Black-eyed Susan; Coneflower|"Annuals, Perennials"|"Rudbeckias are mostly yellow, but also can be red and orange, with central cones that can be green, black and brown."|":3:4:5:6:7:8:9:"|"Autumn, Summer"|"This plant grows between 30 and 120 cm (1 to 4 ft) in height."|"Rudbeckia likes moist and well drained soil that is neutral, alkaline or acidic."|"Full sun, Partial sun"|"average"|"low"
Russelia|Russelia|"Annuals, Perennials, Shrubs"|"These plants have attractively colored flowers in shades of red, pink and cream."|":9:10:11:"|"Spring, Autumn, Summer"|"These plants can grow up to 1.8 m (6 ft) in height."|"They prefer moist and well-drained soil, with a pH range between 6.0 and 8.0."|"Full sun, Partial sun"|"low"|"low"
Salvia|Sage|"Annuals, Perennials, Shrubs"|"Salvia blooms in a range of colors, from traditional dark blue to light blue, red, pink, and white."|":3:4:5:6:7:8:9:10:11:"|"Spring, Autumn, Winter, Summer"|"Salvia grows from 30 cm to 180 cm (1 to 6 ft) tall, depending on species."|"Salvia grows best in moist, but well-drained soil, with a pH level between 6.0 and 7.0."|"Full sun, Partial sun"|"average"|"low"
Sandersonia|Christmas Bells; Chinese Lantern Lily|"Climbers, Perennials"|"The flowers are orange or yellow."|":8:9:10:11:"|"Spring, Summer"|"This plant grows up to 90 cm (3 ft) in height."|"Sandersonia aurantiaca prefers sandy or loamy soil that is moist, well drained and slightly acidic."|"Full sun"|"average"|"low"
Saxifraga|Saxifrage; Rockfoil|"Perennials"|"The flowers are usually white, but may be yellow, purple, pink and red."|":3:4:5:6:7:8:9:10:"|"Spring, Autumn, Winter, Summer"|"This plant usually reaches about 30 cm (1 ft) in height."|"Appropriate soil type depends on species. In general, these plants like moist and well-drained soil, with a pH level between 6.0 and 8.0."|"Full sun, Partial sun, Shade"|"average"|"low"
Scabiosa|Scabious; Pincushion Flower|"Annuals, Perennials"|"These flowers come in different colors including blue, purple, white, yellow, pink and red."|":3:4:5:6:7:8:9:"|"Autumn, Summer"|"Scabiosa typically ranges in height from 15 cm (6 inches) to 60 cm (2 ft)."|"Scabiosa grows best in rich soil with good drainage and with plenty of sunlight. It can be grown in soils with a pH range from 5.0 to 7.5."|"Full sun"|"average"|"low"
Scilla|Squill|"Bulbs"|"Scilla comes in shades of blue, purple and white. The blue ones are very pretty, some of the best blues to be found among flowers."|":2:3:4:5:6:7:8:9:10:"|"Spring, Winter"|"Scilla can grow up to 60 cm (2 ft) high However, some species are less than 10 cm (4 inches) tall."|"Scilla likes rich and well drained soil, with a pH level between 6.0 and 8.0. It will not grow well in waterlogged soils."|"Full sun, Partial sun"|"average"|"low"
Sedum|Stonecrop|"Annuals, Cactus - Succulents, Perennials, Shrubs"|"The flowers come in a rainbow of colors, from red, orange, pink and purple to yellow and white. The foliage can be found in different colors, too."|":3:4:5:6:7:8:9:10:"|"Autumn, Summer"|"Sedums can grow from 10 to 90 cm (4 inches to 3 ft), depending on variety."|"These plants prefer well drained soil that is neutral, alkaline or acidic. The ideal soil pH is between 6.0 and 8.0."|"Full sun, Partial sun"|"low"|"low"
Solidago|Goldenrod|"Perennials"|"Goldenrods come in a bright, golden-yellow color."|":3:4:5:6:7:8:9:"|"Autumn, Summer"|"Goldenrods can grow up to 90 cm (3 ft) in height, while some species are only 10 cm (4 inches) tall."|"Solidago grows best in well drained soil that is acidic to neutral."|"Full sun"|"average"|"low"
Spiraea|Spirea|"Shrubs"|"The flowers come in shades of purple, pink, yellow, cream and white."|":3:4:5:6:7:8:9:"|"Spring, Autumn, Summer"|"These plants can grow up to 3 m (10 ft) in height, depending on species."|"The plant grows in almost any type of soil that is well-drained. The ideal soil pH is between 6.0 and 7.0. If soil is too alkaline (above 7.0), it may reduce the plant&#39;s ability to take up some nutrients resulting in the yellowing of foliage (chlorosis)."|"Full sun, Partial sun"|"average"|"low"
Strelitzia|Bird of Paradise; Crane Flower|"Perennials, Shrubs"|"The flowers are orange, red, yellow or even blue and purple."|":9:10:11:12:"|"Spring, Autumn, Winter, Summer"|"Strelitzia can grow as tall as 1 m (3 ft) or taller, while some species (Strelitzia nicolai) can reach 10 metres (33 ft) high."|"Strelitzia prefers organically rich, moist and well drained soil. The optimal soil pH is between 6.0 and 6.5. If treated well, this plant can produce up to 36 flower spikes a year."|"Full sun, Partial sun"|"average"|"low"
Syringa|Lilac|"Shrubs, Trees"|"Although they get their common name from their most popular color, Lilacs can also be found in other colors such as blue, red, pink, white and yellow."|":3:4:5:6:7:8:"|"Spring, Summer"|"Lilacs range in size from 2 to 10 metres (7 to 33 ft) high, depending on species."|"These plants prefer fertile, moist, but well-drained soil. The ideal soil pH for growing Lilacs is neutral to alkaline."|"Full sun, Partial sun"|"average"|"low"
Tagetes|Marigold|"Annuals, Perennials, Shrubs"|"Tagetes comes in shades of yellow, orange and even white."|":2:3:4:5:6:7:8:9:10:11:"|"Spring, Autumn, Summer"|"These species range in size from 15 to 80 cm (6 inches to 3 ft) tall, rarely until 2 metres (7 ft)."|"Tagetes grows in almost any soil, but will perform best in moderately fertile, well-drained soil."|"Full sun"|"average"|"low"
Tanacetum|Tanacetum|"Annuals, Perennials, Shrubs"|"The flowers are usually white or yellow, depending on species."|":3:4:5:6:7:8:9:"|"Summer"|"These plants can grow from a few inches to 150 cm (5 ft) tall."|"Tanacetum prefers moist and well-drained soil, but tolerates a wide variety of soils and pH conditions."|"Full sun, Partial sun"|"average"|"medium"
Taraxacum|Dandelion|"Perennials"|"The flowers are usually bright yellow, but they can be darker or even white, such as Taraxacum albidum."|":3:4:5:6:7:8:9:10:"|"Spring, Autumn, Winter, Summer"|"Dandelions range in height from 5 to 50 cm (2-20 inches) in height."|"Although Dandelions adopt most conditions and grow everywhere, they will grow best in moist areas with fertile and well-drained soil."|"Full sun, Partial sun"|"average"|"low"
Tigridia|Tiger Flower; Mexican Shellflower|"Bulbs"|"The flowers may be red, yellow, white, cream, orange, scarlet, pink and mauve."|":8:9:10:11:"|"Summer"|"These plants usually grow between 30 and 60 cm (1-2 ft) tall."|"Tigridia performs best in rich and well-drained soil. It is not too fussy when it comes to soil pH."|"Full sun, Partial sun"|"average"|"low"
Torenia|Wishbone Flower; Bluewings; Clown Flower|"Annuals"|"The flowers come in shades of purple, blue, pink, yellow and white."|":2:3:4:5:6:7:8:9:10:11:"|"Spring, Autumn, Summer"|"Torenia grows up to 30 cm (1 ft) in height."|"Torenia prefers rich, loamy, moist and well drained soil. The plant is not particular about soil pH, but it does best in a soil that is slightly acidic."|"Partial sun, Shade"|"average"|"medium"
Tradescantia|Spiderwort|"Perennials"|"The flowers come in shades of blue, purple, pink, red and white."|":4:5:6:7:8:9:10:11:12:"|"Spring, Autumn, Summer"|"This plant can reach up to 90 cm in height."|"Spiderwort prefers fertile, moist and well-drained soil. The soil should be acidic, with a pH range between 5.0 and 6.5."|"Full sun, Partial sun, Shade"|"average"|"low"
Tricyrtis|Toad Lily|"Perennials"|"The flowers come in shades of red, purple, white and yellow."|":4:5:6:7:8:9:"|"Autumn, Summer"|"Tricyrtis reaches up to 90 cm (3 ft) in height."|"Tricyrtis prefers rich, moist and well-drained soil, with a pH from acid to neutral. The plant is adaptable and can tolerate heat, cold and humidity."|"Partial sun, Shade"|"average"|"low"
Trillium|Wake Robin; Birthroot|"Perennials"|"Flower color varies from red, pink, maroon and purple to yellow and white."|":3:4:5:6:7:8:9:"|"Spring, Summer"|"Trillium usually grows between 30 and 60 cm (1-2 ft) in height."|"Trillium performs best in rich, moist and well-drained soil that is neutral to slightly acidic."|"Partial sun, Shade"|"average"|"low"
Trollius|Globe Flower|"Perennials"|"These beautiful flowers bloom in shades of yellow, orange and white."|":3:4:5:6:7:8:"|"Spring, Summer"|"Trollius can grow up to 90 cm (3 ft) in height."|"Trollius prefers rich, poorly-drained soil and regular moisture. The ideal soil pH is between 5.0. and 7.0."|"Full sun, Partial sun"|"average"|"low"
Tropaeolum|Nasturtium|"Annuals, Perennials"|"Nasturtium comes in red, orange, yellow, purple and cream colors."|":2:3:4:5:6:7:8:9:10:11:"|"Spring, Autumn, Summer"|"Nasturtium vary in height from 20 cm (8 inches) to 3 metres (10 ft), depending on species."|"The plant is suitable for sandy and loamy soils with a pH between 5.5 and 7.5. It also grows in nutritionally poor soil."|"Full sun"|"average"|"low"
Ulex|Gorse; Furze|"Shrubs"|"The flowers are usually yellow in color."|":6:7:8:9:10:"|"Spring, Autumn, Winter, Summer"|"The plant can grow up to 3 metres (10 ft) high."|"The plant grows in most soils, but does best in soil that is sandy and slightly acidic. It appreciates hot sun and dry, poor soil."|"Full sun"|"low"|"low"
Ursinia|African Daisy|"Annuals, Perennials"|"Ursinia has yellow, red or orange flowers."|":3:4:5:6:7:8:9:10:11:"|"Spring, Autumn, Winter, Summer"|"Ursinia grows from 20 cm to 60 cm (8 inches to 2 ft) in height."|"Ursinia prefers sandy, fertile and well drained soil."|"Full sun, Partial sun"|"average"|"low"
Valeriana|Valerian|"Perennials"|"The flowers are white, pink or lavender."|":4:5:6:7:8:9:"|"Autumn, Summer"|"The plant can reach 1,5 meters (5 ft) in height."|"The plant performs best in fertile, moist and well drained soil, with slightly acidic to neutral pH."|"Full sun, Partial sun"|"average"|"low"
Verbascum|Mullein|"Annuals, Perennials"|"These flowers are primarily bright yellow, but also white, red, purple and pink."|":5:6:7:8:9:10:"|"Spring, Summer"|"Mullein has a flower spike that reaches 3 metres (10 ft) high."|"Mullein thrives in well-drained soil that is slightly alkaline."|"Full sun"|"low"|"low"
Verbena|Vervain|"Annuals, Perennials"|"The blooms come in shades of purple, red, pink and white."|":3:4:5:6:7:8:9:10:11:12:"|"Autumn, Summer"|"Verbena grows from 7 cm to 180 cm (3 inches to 6 ft) tall, depending on species."|"This plant prefers moist, but well drained soil. It is not particular about soil pH, but it grows best in soil with a pH between 6.0 and 8.0."|"Full sun, Partial sun"|"average"|"low"
Veronica|Speedwell|"Perennials"|"Veronica comes in shades of blue, purple, pink and white."|":3:4:5:6:7:8:9:10:11:"|"Spring, Autumn, Summer"|"Veronica comes in a wide range of sizes, from dwarfs that rarely exceed 10 cm (4 inches) to large specimens that can grow more than 1,5 metres (5 ft) in height."|"This plant prefers moist, but well-drained soil that is neutral, alkaline or acidic."|"Full sun, Partial sun"|"average"|"low"
Veronicastrum|Veronicastrum|"Perennials"|"The flowers come in shades of white, purple and pink."|":3:4:5:6:7:8:9:"|"Autumn, Summer"|"Veronicastrum reaches nearly 2 m (6 ft) in height."|"Veronicastrum prefers fertile, moist and well-drained soil. It tolerates a wide range of soil pH levels."|"Full sun, Partial sun"|"average"|"low"
Vinca|Periwinkle|"Perennials, Shrubs"|"Vinca comes in shades of pink, purple, red and white."|":3:4:5:6:7:8:9:10:11:"|"Autumn, Summer"|"These plants range in size from dwarf species that grow only about 10 cm (4 inches) tall to larger types which can grow up to 60 cm (2 ft) in height."|"Periwinkle prefers moist, but well drained soil and is adaptable to soils of various pHs."|"Full sun, Partial sun, Shade"|"average"|"low"
Viola|Violet|"Annuals, Perennials, Shrubs"|"As their name suggests, many species are violet in color, but can also be blue, white, yellow and cream. Some blooms have two or even three colors."|":3:4:5:6:7:8:9:"|"Spring, Autumn, Winter, Summer"|"Violas are small plants up to 20 cm (8 inches) tall."|"They prefer rich, moist and well drained soil. The ideal pH range is between 5.0 and 6.0."|"Full sun, Partial sun"|"average"|"low"
Watsonia|Bugle Lily|"Bulbs, Perennials"|"The flowers come in shades of red, pink, orange, purple and white."|":8:9:10:11:"|"Spring, Autumn, Winter, Summer"|"This plant grows from 30 cm to 2 metres (1 ft to 7 ft) in height."|"Soil should be acidic or neutral and should be moist and well-drained."|"Full sun"|"average"|"low"
Weigela|Weigela|"Shrubs"|"The flowers come in shades of red, pink, white and yellow."|":4:5:6:7:8:9:"|"Spring, Autumn, Summer"|"This plant grows from 30 cm (1 ft) to 3 metres (10 ft) high."|"Weigela prefers fertile and moist, but well-drained soil. It can tolerate soil pH levels between 5.5 and 7.5."|"Full sun, Partial sun"|"average"|"low"
Wisteria|Wisteria|"Climbers"|"Wisteria comes in shades of white, blue, purple and pink."|":5:6:7:8:9:"|"Spring, Summer"|"Wisteria grows from 180 cm to 12 metres (6 to 40 ft) tall, depending on species."|"Wisteria likes moist, well-drained and fertile soil. It grows best in slightly acidic to neutral soil."|"Full sun, Partial sun"|"average"|"hard"
Xanthisma|Xanthisma|"Annuals, Perennials"|"The flowers are generally yellow in color, but there are also varieties that are white and purple."|":3:4:5:6:7:8:9:"|"Spring, Autumn, Winter, Summer"|"This plant can reach a height of 60 cm (2 ft)."|"Xanthisma prefers well-drained, sandy soil and can survive in dry soil as well. It tolerates pH levels between 5.0 and 7.0."|"Full sun, Partial sun"|"low"|"low"
Xeranthemum|Xeranthemum|"Annuals"|"These flowers come in shades of pink, purple and white."|":2:3:4:5:6:7:8:9:10:"|"Autumn, Summer"|"This plant can grow between 30 and 90 cm (1-3 ft) tall."|"Xeranthemum prefers fertile, moist and well-drained soil."|"Full sun"|"average"|"low"
Xerochrysum|Xerochrysum|"Annuals, Perennials, Shrubs"|"Its bracts are yellow, orange, purple, pink and red."|":8:9:10:11:"|"Spring, Autumn, Summer"|"Xerochrysum grows from 20 to 150 cm (8 inches to 5 ft) tall, depending on species."|"Xerochrysum prefers soil with a pH of 5.5 to 7.5,, but the plant grows in nearly any well-drained soil."|"Full sun"|"average"|"low"
Xerophyllum|Xerophyllum|"Herbs, Perennials"|"Xerophyllum has unique cream-colored flowers."|":4:5:6:7:8:"|"Spring, Summer"|"These plants can grow from 50 cm to 1,5 meters (2-5 ft) tall, with numerous small flowers growing on long flower stalks."|"Xerophyllum prefers sandy or loamy soil that is well-drained."|"Full sun, Partial sun"|"low"|"low"
Yucca|Yucca|"Cactus - Succulents, Shrubs, Trees"|"The Yucca plant has green, sword-like leaves and white or whitish flowers."|":4:5:6:7:8:9:10:11:"|"Spring, Autumn, Summer"|"Yucca grows from 60 cm to 4,5 metres (2 to 15 ft) high, depending on species."|"This plant grows best in sandy and well drained soil, with a pH level between 5.5 and 7.5."|"Full sun, Partial sun"|"low"|"low"
Zantedeschia|Calla Lily; Arum Lily|"Bulbs, Perennials"|"Calla Lily is available in a multitude of colors including white, yellow, orange, pink, purple and even black."|":3:4:5:6:7:8:9:10:"|"Spring, Summer"|"The plant grows between 30 and 90 cm (1 to 3 ft) tall."|"This plant grows best in moist and well-drained soil. The ideal soil pH level is between 6.0 and 6.5."|"Full sun, Partial sun"|"average"|"low"
Zephyranthes|Rain Lily; Fairy Lily|"Annuals, Bulbs, Perennials"|"The flowers may be yellow, pink and white."|":7:8:9:10:11:"|"Spring, Autumn, Summer"|"The plant can grow up to 30 cm (1 ft) in height."|"Zephyranthes prefers well-drained soil with a good application of organic material."|"Full sun, Partial sun"|"average"|"medium"
Zinnia|Zinnia|"Annuals, Perennials, Shrubs"|"These flowers are known for their vivid colors. They are often multi-colored and may be yellow, orange, white, red, pink and purple."|":2:3:4:5:6:7:8:9:10:11:"|"Autumn, Summer"|"Zinnias range in size from dwarf species that only grow 17 cm (7 inches) high to vigorous types over 120 cm (4 ft) tall."|"Zinnias prefer fertile and moist, but well-drained soil, with a pH level between 5.5 and 7.5."|"Full sun"|"average"|"low"
Zygopetalum|Zygo|"Perennials"|"Zygopetalum has unusually colored flowers in shades of blue, purple, red and white."|":9:10:11:"|"Spring, Autumn, Winter"|"Zygopetalum usually grows to a height of 40 cm (16 inches)."|"These plants prefer moist and well-drained soil, with a pH level between 5.5 and 6.5."|"Full sun, Partial sun"|"average"|"medium"
