URL,FileName
https://www.atozflowers.com/flower/achillea/,Achillea
https://www.atozflowers.com/flower/aconitum/,Aconitum
https://www.atozflowers.com/flower/agapanthus/,Agapanthus
https://www.atozflowers.com/flower/ageratum/,Ageratum
https://www.atozflowers.com/flower/ajuga/,Ajuga
https://www.atozflowers.com/flower/alcea/,Alcea
https://www.atozflowers.com/flower/allium/,Allium
https://www.atozflowers.com/flower/alstroemeria/,Alstroemeria
https://www.atozflowers.com/flower/amaryllis/,Amaryllis
https://www.atozflowers.com/flower/amsonia/,Amsonia
https://www.atozflowers.com/flower/anemone/,Anemone
https://www.atozflowers.com/flower/anthurium/,Anthurium
https://www.atozflowers.com/flower/antirrhinum/,Antirrhinum
https://www.atozflowers.com/flower/aquilegia/,Aquilegia
https://www.atozflowers.com/flower/asclepias/,Asclepias
https://www.atozflowers.com/flower/aster/,Aster
https://www.atozflowers.com/flower/astilbe/,Astilbe
https://www.atozflowers.com/flower/astrantia/,Astrantia
https://www.atozflowers.com/flower/banksia/,Banksia
https://www.atozflowers.com/flower/baptisia/,Baptisia
https://www.atozflowers.com/flower/begonia/,Begonia
https://www.atozflowers.com/flower/bellis/,Bellis
https://www.atozflowers.com/flower/bergenia/,Bergenia
https://www.atozflowers.com/flower/borago/,Borago
https://www.atozflowers.com/flower/bougainvillea/,Bougainvillea
https://www.atozflowers.com/flower/bouvardia/,Bouvardia
https://www.atozflowers.com/flower/brugmansia/,Brugmansia
https://www.atozflowers.com/flower/buddleia/,Buddleia
https://www.atozflowers.com/flower/calendula/,Calendula
https://www.atozflowers.com/flower/calluna/,Calluna
https://www.atozflowers.com/flower/camassia/,Camassia
https://www.atozflowers.com/flower/camellia/,Camellia
https://www.atozflowers.com/flower/campanula/,Campanula
https://www.atozflowers.com/flower/canna/,Canna
https://www.atozflowers.com/flower/cattleya/,Cattleya
https://www.atozflowers.com/flower/celosia/,Celosia
https://www.atozflowers.com/flower/centaurea/,Centaurea
https://www.atozflowers.com/flower/chrysanthemum/,Chrysanthemum
https://www.atozflowers.com/flower/cistus/,Cistus
https://www.atozflowers.com/flower/clarkia/,Clarkia
https://www.atozflowers.com/flower/claytonia/,Claytonia
https://www.atozflowers.com/flower/clematis/,Clematis
https://www.atozflowers.com/flower/clerodendrum/,Clerodendrum
https://www.atozflowers.com/flower/clitoria/,Clitoria
https://www.atozflowers.com/flower/convallaria/,Convallaria
https://www.atozflowers.com/flower/coreopsis/,Coreopsis
https://www.atozflowers.com/flower/cosmos/,Cosmos
https://www.atozflowers.com/flower/crinum/,Crinum
https://www.atozflowers.com/flower/crocosmia/,Crocosmia
https://www.atozflowers.com/flower/crocus/,Crocus
https://www.atozflowers.com/flower/cyclamen/,Cyclamen
https://www.atozflowers.com/flower/cymbidium/,Cymbidium
https://www.atozflowers.com/flower/dahlia/,Dahlia
https://www.atozflowers.com/flower/datura/,Datura
https://www.atozflowers.com/flower/delosperma/,Delosperma
https://www.atozflowers.com/flower/delphinium/,Delphinium
https://www.atozflowers.com/flower/deutzia/,Deutzia
https://www.atozflowers.com/flower/dianthus/,Dianthus
https://www.atozflowers.com/flower/diascia/,Diascia
https://www.atozflowers.com/flower/dicentra/,Dicentra
https://www.atozflowers.com/flower/dietes/,Dietes
https://www.atozflowers.com/flower/digitalis/,Digitalis
https://www.atozflowers.com/flower/dracula/,Dracula
https://www.atozflowers.com/flower/dryas/,Dryas
https://www.atozflowers.com/flower/echeveria/,Echeveria
https://www.atozflowers.com/flower/echinacea/,Echinacea
https://www.atozflowers.com/flower/echinops/,Echinops
https://www.atozflowers.com/flower/emilia/,Emilia
https://www.atozflowers.com/flower/epimedium/,Epimedium
https://www.atozflowers.com/flower/epiphyllum/,Epiphyllum
https://www.atozflowers.com/flower/eranthis/,Eranthis
https://www.atozflowers.com/flower/eremurus/,Eremurus
https://www.atozflowers.com/flower/erica/,Erica
https://www.atozflowers.com/flower/eryngium/,Eryngium
https://www.atozflowers.com/flower/erysimum/,Erysimum
https://www.atozflowers.com/flower/erythronium/,Erythronium
https://www.atozflowers.com/flower/eschscholzia/,Eschscholzia
https://www.atozflowers.com/flower/euphorbia/,Euphorbia
https://www.atozflowers.com/flower/eustoma/,Eustoma
https://www.atozflowers.com/flower/felicia/,Felicia
https://www.atozflowers.com/flower/forsythia/,Forsythia
https://www.atozflowers.com/flower/freesia/,Freesia
https://www.atozflowers.com/flower/fritillaria/,Fritillaria
https://www.atozflowers.com/flower/fuchsia/,Fuchsia
https://www.atozflowers.com/flower/gaillardia/,Gaillardia
https://www.atozflowers.com/flower/galanthus/,Galanthus
https://www.atozflowers.com/flower/gardenia/,Gardenia
https://www.atozflowers.com/flower/gazania/,Gazania
https://www.atozflowers.com/flower/gentiana/,Gentiana
https://www.atozflowers.com/flower/geranium/,Geranium
https://www.atozflowers.com/flower/gerbera/,Gerbera
https://www.atozflowers.com/flower/geum/,Geum
https://www.atozflowers.com/flower/gladiolus/,Gladiolus
https://www.atozflowers.com/flower/gloriosa/,Gloriosa
https://www.atozflowers.com/flower/gomphrena/,Gomphrena
https://www.atozflowers.com/flower/grevillea/,Grevillea
https://www.atozflowers.com/flower/gypsophila/,Gypsophila
https://www.atozflowers.com/flower/hamamelis/,Hamamelis
https://www.atozflowers.com/flower/helenium/,Helenium
https://www.atozflowers.com/flower/helianthus/,Helianthus
https://www.atozflowers.com/flower/heliconia/,Heliconia
https://www.atozflowers.com/flower/helleborus/,Helleborus
https://www.atozflowers.com/flower/hibiscus/,Hibiscus
https://www.atozflowers.com/flower/hippeastrum/,Hippeastrum
https://www.atozflowers.com/flower/hosta/,Hosta
https://www.atozflowers.com/flower/hoya/,Hoya
https://www.atozflowers.com/flower/hyacinthus/,Hyacinthus
https://www.atozflowers.com/flower/hydrangea/,Hydrangea
https://www.atozflowers.com/flower/hypericum/,Hypericum
https://www.atozflowers.com/flower/hypoxis/,Hypoxis
https://www.atozflowers.com/flower/hyssopus/,Hyssopus
https://www.atozflowers.com/flower/iberis/,Iberis
https://www.atozflowers.com/flower/impatiens/,Impatiens
https://www.atozflowers.com/flower/ipomoea/,Ipomoea
https://www.atozflowers.com/flower/iris/,Iris
https://www.atozflowers.com/flower/ixora/,Ixora
https://www.atozflowers.com/flower/jacaranda/,Jacaranda
https://www.atozflowers.com/flower/jasione/,Jasione
https://www.atozflowers.com/flower/jasminum/,Jasminum
https://www.atozflowers.com/flower/justicia/,Justicia
https://www.atozflowers.com/flower/kalanchoe/,Kalanchoe
https://www.atozflowers.com/flower/kalmia/,Kalmia
https://www.atozflowers.com/flower/kerria/,Kerria
https://www.atozflowers.com/flower/kniphofia/,Kniphofia
https://www.atozflowers.com/flower/kolkwitzia/,Kolkwitzia
https://www.atozflowers.com/flower/kunzea/,Kunzea
https://www.atozflowers.com/flower/lantana/,Lantana
https://www.atozflowers.com/flower/lathyrus/,Lathyrus
https://www.atozflowers.com/flower/lavandula/,Lavandula
https://www.atozflowers.com/flower/leontopodium/,Leontopodium
https://www.atozflowers.com/flower/leucojum/,Leucojum
https://www.atozflowers.com/flower/lewisia/,Lewisia
https://www.atozflowers.com/flower/liatris/,Liatris
https://www.atozflowers.com/flower/lilium/,Lilium
https://www.atozflowers.com/flower/limonium/,Limonium
https://www.atozflowers.com/flower/lobelia/,Lobelia
https://www.atozflowers.com/flower/lonicera/,Lonicera
https://www.atozflowers.com/flower/lupinus/,Lupinus
https://www.atozflowers.com/flower/lycoris/,Lycoris
https://www.atozflowers.com/flower/magnolia/,Magnolia
https://www.atozflowers.com/flower/malva/,Malva
https://www.atozflowers.com/flower/mandevilla/,Mandevilla
https://www.atozflowers.com/flower/mimosa/,Mimosa
https://www.atozflowers.com/flower/monarda/,Monarda
https://www.atozflowers.com/flower/muscari/,Muscari
https://www.atozflowers.com/flower/myosotis/,Myosotis
https://www.atozflowers.com/flower/myrtus/,Myrtus
https://www.atozflowers.com/flower/narcissus/,Narcissus
https://www.atozflowers.com/flower/nelumbo/,Nelumbo
https://www.atozflowers.com/flower/nemesia/,Nemesia
https://www.atozflowers.com/flower/nemophila/,Nemophila
https://www.atozflowers.com/flower/nepeta/,Nepeta
https://www.atozflowers.com/flower/nerine/,Nerine
https://www.atozflowers.com/flower/nerium/,Nerium
https://www.atozflowers.com/flower/nigella/,Nigella
https://www.atozflowers.com/flower/obregonia/,Obregonia
https://www.atozflowers.com/flower/oenothera/,Oenothera
https://www.atozflowers.com/flower/opuntia/,Opuntia
https://www.atozflowers.com/flower/ornithogalum/,Ornithogalum
https://www.atozflowers.com/flower/osteospermum/,Osteospermum
https://www.atozflowers.com/flower/oxalis/,Oxalis
https://www.atozflowers.com/flower/paeonia/,Paeonia
https://www.atozflowers.com/flower/papaver/,Papaver
https://www.atozflowers.com/flower/passiflora/,Passiflora
https://www.atozflowers.com/flower/pelargonium/,Pelargonium
https://www.atozflowers.com/flower/penstemon/,Penstemon
https://www.atozflowers.com/flower/perovskia/,Perovskia
https://www.atozflowers.com/flower/petunia/,Petunia
https://www.atozflowers.com/flower/phacelia/,Phacelia
https://www.atozflowers.com/flower/phlox/,Phlox
https://www.atozflowers.com/flower/platycodon/,Platycodon
https://www.atozflowers.com/flower/plumbago/,Plumbago
https://www.atozflowers.com/flower/plumeria/,Plumeria
https://www.atozflowers.com/flower/polygonatum/,Polygonatum
https://www.atozflowers.com/flower/potentilla/,Potentilla
https://www.atozflowers.com/flower/primula/,Primula
https://www.atozflowers.com/flower/protea/,Protea
https://www.atozflowers.com/flower/prunus/,Prunus
https://www.atozflowers.com/flower/pulmonaria/,Pulmonaria
https://www.atozflowers.com/flower/quesnelia/,Quesnelia
https://www.atozflowers.com/flower/rafflesia/,Rafflesia
https://www.atozflowers.com/flower/ranunculus/,Ranunculus
https://www.atozflowers.com/flower/rhododendron/,Rhododendron
https://www.atozflowers.com/flower/rondeletia/,Rondeletia
https://www.atozflowers.com/flower/rosa/,Rosa
https://www.atozflowers.com/flower/rudbeckia/,Rudbeckia
https://www.atozflowers.com/flower/russelia/,Russelia
https://www.atozflowers.com/flower/salvia/,Salvia
https://www.atozflowers.com/flower/sandersonia/,Sandersonia
https://www.atozflowers.com/flower/saxifraga/,Saxifraga
https://www.atozflowers.com/flower/scabiosa/,Scabiosa
https://www.atozflowers.com/flower/scilla/,Scilla
https://www.atozflowers.com/flower/sedum/,Sedum
https://www.atozflowers.com/flower/solidago/,Solidago
https://www.atozflowers.com/flower/spiraea/,Spiraea
https://www.atozflowers.com/flower/strelitzia/,Strelitzia
https://www.atozflowers.com/flower/syringa/,Syringa
https://www.atozflowers.com/flower/tagetes/,Tagetes
https://www.atozflowers.com/flower/tanacetum/,Tanacetum
https://www.atozflowers.com/flower/taraxacum/,Taraxacum
https://www.atozflowers.com/flower/tigridia/,Tigridia
https://www.atozflowers.com/flower/torenia/,Torenia
https://www.atozflowers.com/flower/tradescantia/,Tradescantia
https://www.atozflowers.com/flower/tricyrtis/,Tricyrtis
https://www.atozflowers.com/flower/trillium/,Trillium
https://www.atozflowers.com/flower/trollius/,Trollius
https://www.atozflowers.com/flower/tropaeolum/,Tropaeolum
https://www.atozflowers.com/flower/tulipa/,Tulipa
https://www.atozflowers.com/flower/ulex/,Ulex
https://www.atozflowers.com/flower/ursinia/,Ursinia
https://www.atozflowers.com/flower/valeriana/,Valeriana
https://www.atozflowers.com/flower/verbascum/,Verbascum
https://www.atozflowers.com/flower/verbena/,Verbena
https://www.atozflowers.com/flower/veronica/,Veronica
https://www.atozflowers.com/flower/veronicastrum/,Veronicastrum
https://www.atozflowers.com/flower/vinca/,Vinca
https://www.atozflowers.com/flower/viola/,Viola
https://www.atozflowers.com/flower/watsonia/,Watsonia
https://www.atozflowers.com/flower/weigela/,Weigela
https://www.atozflowers.com/flower/wisteria/,Wisteria
https://www.atozflowers.com/flower/xanthisma/,Xanthisma
https://www.atozflowers.com/flower/xeranthemum/,Xeranthemum
https://www.atozflowers.com/flower/xerochrysum/,Xerochrysum
https://www.atozflowers.com/flower/xerophyllum/,Xerophyllum
https://www.atozflowers.com/flower/yucca/,Yucca
https://www.atozflowers.com/flower/zantedeschia/,Zantedeschia
https://www.atozflowers.com/flower/zephyranthes/,Zephyranthes
https://www.atozflowers.com/flower/zinnia/,Zinnia
https://www.atozflowers.com/flower/zygopetalum/,Zygopetalum
